customer_id,transaction_date,channel,time_slot,amount,is_weekend
103,2022-01-01 00:00:00,Online,Evening,12.45,1
180,2022-01-01 06:00:00,In-Store,Morning,79.53,1
93,2022-01-01 12:00:00,Online,Morning,,1
15,2022-01-01 18:00:00,Online,Morning,158.98,1
107,2022-01-02 00:00:00,In-Store,Morning,178.74,1
72,2022-01-02 06:00:00,Online,Afternoon,226.74,1
189,2022-01-02 12:00:00,Online,Morning,188.93,1
21,2022-01-02 18:00:00,Online,Afternoon,182.08,1
103,2022-01-03 00:00:00,Online,Morning,20.79,0
122,2022-01-03 06:00:00,In-Store,Afternoon,116.08,0
75,2022-01-03 12:00:00,Online,,73.46,0
88,2022-01-03 18:00:00,Online,Morning,83.28,0
117,2022-01-04 00:00:00,In-Store,Afternoon,168.53,0
100,2022-01-04 06:00:00,Online,Evening,63.85,0
104,2022-01-04 12:00:00,In-Store,Morning,91.71,0
152,2022-01-04 18:00:00,Online,Morning,74.94,0
131,2022-01-05 00:00:00,In-Store,Morning,284.81,0
150,2022-01-05 06:00:00,In-Store,Afternoon,283.68,0
53,2022-01-05 12:00:00,In-Store,Afternoon,184.93,0
2,2022-01-05 18:00:00,In-Store,Evening,277.73,0
88,2022-01-06 00:00:00,Online,Afternoon,236.81,0
158,2022-01-06 06:00:00,In-Store,,179.03,0
38,2022-01-06 12:00:00,Online,Morning,6.9,0
130,2022-01-06 18:00:00,In-Store,Morning,232.89,0
192,2022-01-07 00:00:00,In-Store,Morning,212.23,0
188,2022-01-07 06:00:00,In-Store,Morning,186.5,0
21,2022-01-07 12:00:00,Online,Morning,229.33,0
161,2022-01-07 18:00:00,In-Store,Morning,156.31,0
58,2022-01-08 00:00:00,Online,Morning,212.7,1
22,2022-01-08 06:00:00,Online,Evening,280.88,1
89,2022-01-08 12:00:00,Online,,115.86,1
49,2022-01-08 18:00:00,Online,Evening,213.9,1
59,2022-01-09 00:00:00,Online,Evening,145.33,1
170,2022-01-09 06:00:00,Online,Morning,203.95,1
188,2022-01-09 12:00:00,Online,Evening,230.05,1
15,2022-01-09 18:00:00,Online,Morning,18.41,1
190,2022-01-10 00:00:00,Online,Evening,195.75,0
190,2022-01-10 06:00:00,In-Store,Afternoon,71.89,0
175,2022-01-10 12:00:00,In-Store,Evening,202.66,0
190,2022-01-10 18:00:00,In-Store,Evening,143.16,0
51,2022-01-11 00:00:00,In-Store,Morning,233.2,0
108,2022-01-11 06:00:00,In-Store,Evening,41.4,0
55,2022-01-11 12:00:00,Online,Afternoon,189.77,0
64,2022-01-11 18:00:00,Online,Morning,87.15,0
131,2022-01-12 00:00:00,Online,Morning,256.63,0
51,2022-01-12 06:00:00,Online,,278.87,0
135,2022-01-12 12:00:00,Online,Morning,298.94,0
21,2022-01-12 18:00:00,Online,Morning,239.82,0
73,2022-01-13 00:00:00,Online,Morning,227.35,0
167,2022-01-13 06:00:00,In-Store,Morning,68.57,0
18,2022-01-13 12:00:00,In-Store,Morning,104.12,0
132,2022-01-13 18:00:00,In-Store,Morning,142.38,0
89,2022-01-14 00:00:00,In-Store,Afternoon,,0
60,2022-01-14 06:00:00,Online,Evening,274.91,0
14,2022-01-14 12:00:00,Online,Afternoon,,0
9,2022-01-14 18:00:00,Online,Morning,277.1,0
90,2022-01-15 00:00:00,In-Store,Morning,210.21,1
53,2022-01-15 06:00:00,Online,Evening,185.18,1
130,2022-01-15 12:00:00,Online,Afternoon,63.95,1
84,2022-01-15 18:00:00,Online,Evening,21.38,1
92,2022-01-16 00:00:00,In-Store,Afternoon,172.7,1
111,2022-01-16 06:00:00,Online,Morning,,1
188,2022-01-16 12:00:00,In-Store,Evening,67.18,1
199,2022-01-16 18:00:00,In-Store,Evening,,1
172,2022-01-17 00:00:00,In-Store,Morning,257.67,0
8,2022-01-17 06:00:00,In-Store,Evening,251.34,0
175,2022-01-17 12:00:00,Online,Afternoon,278.57,0
35,2022-01-17 18:00:00,In-Store,Afternoon,112.94,0
81,2022-01-18 00:00:00,In-Store,Afternoon,98.82,0
164,2022-01-18 06:00:00,Online,Afternoon,226.08,0
50,2022-01-18 12:00:00,Online,Morning,132.18,0
104,2022-01-18 18:00:00,In-Store,Evening,30.83,0
132,2022-01-19 00:00:00,Online,Afternoon,88.43,0
2,2022-01-19 06:00:00,In-Store,Morning,128.48,0
134,2022-01-19 12:00:00,In-Store,Evening,91.29,0
54,2022-01-19 18:00:00,In-Store,Evening,103.0,0
106,2022-01-20 00:00:00,In-Store,Morning,91.66,0
4,2022-01-20 06:00:00,Online,Morning,17.24,0
54,2022-01-20 12:00:00,In-Store,Afternoon,,0
191,2022-01-20 18:00:00,Online,Evening,181.2,0
146,2022-01-21 00:00:00,Online,Evening,197.75,0
44,2022-01-21 06:00:00,Online,,,0
162,2022-01-21 12:00:00,Online,Evening,92.22,0
190,2022-01-21 18:00:00,In-Store,Afternoon,187.79,0
14,2022-01-22 00:00:00,Online,Evening,181.89,1
95,2022-01-22 06:00:00,In-Store,Morning,154.37,1
48,2022-01-22 12:00:00,Online,,108.37,1
15,2022-01-22 18:00:00,Online,Afternoon,274.31,1
200,2022-01-23 00:00:00,In-Store,,105.23,1
190,2022-01-23 06:00:00,In-Store,Evening,139.41,1
40,2022-01-23 12:00:00,In-Store,Evening,205.04,1
82,2022-01-23 18:00:00,Online,Morning,165.19,1
111,2022-01-24 00:00:00,Online,Afternoon,107.33,0
53,2022-01-24 06:00:00,In-Store,Afternoon,133.52,0
24,2022-01-24 12:00:00,In-Store,,239.37,0
154,2022-01-24 18:00:00,In-Store,Evening,87.05,0
188,2022-01-25 00:00:00,In-Store,Afternoon,46.97,0
124,2022-01-25 06:00:00,Online,Morning,97.38,0
41,2022-01-25 12:00:00,In-Store,Morning,255.61,0
157,2022-01-25 18:00:00,In-Store,,31.25,0
15,2022-01-26 00:00:00,In-Store,Evening,297.55,0
45,2022-01-26 06:00:00,In-Store,Afternoon,164.6,0
65,2022-01-26 12:00:00,Online,Evening,295.53,0
89,2022-01-26 18:00:00,In-Store,Morning,282.0,0
71,2022-01-27 00:00:00,Online,Afternoon,138.58,0
9,2022-01-27 06:00:00,In-Store,,63.55,0
88,2022-01-27 12:00:00,In-Store,Afternoon,53.64,0
129,2022-01-27 18:00:00,Online,Evening,75.8,0
136,2022-01-28 00:00:00,In-Store,Afternoon,214.49,0
63,2022-01-28 06:00:00,Online,Afternoon,85.52,0
139,2022-01-28 12:00:00,Online,Morning,105.72,0
81,2022-01-28 18:00:00,In-Store,Morning,137.39,0
136,2022-01-29 00:00:00,Online,Afternoon,274.4,1
163,2022-01-29 06:00:00,Online,Evening,60.87,1
163,2022-01-29 12:00:00,Online,Evening,6.48,1
33,2022-01-29 18:00:00,Online,Morning,,1
123,2022-01-30 00:00:00,Online,Evening,,1
5,2022-01-30 06:00:00,Online,Morning,196.02,1
41,2022-01-30 12:00:00,Online,Evening,85.55,1
28,2022-01-30 18:00:00,Online,Afternoon,57.27,1
135,2022-01-31 00:00:00,In-Store,Morning,91.81,0
72,2022-01-31 06:00:00,In-Store,Morning,38.87,0
12,2022-01-31 12:00:00,Online,Afternoon,282.75,0
162,2022-01-31 18:00:00,In-Store,Morning,236.34,0
33,2022-02-01 00:00:00,Online,Evening,141.41,0
48,2022-02-01 06:00:00,Online,Evening,,0
151,2022-02-01 12:00:00,In-Store,,78.59,0
62,2022-02-01 18:00:00,Online,,216.55,0
37,2022-02-02 00:00:00,Online,Morning,257.56,0
99,2022-02-02 06:00:00,Online,Afternoon,110.25,0
172,2022-02-02 12:00:00,Online,Morning,228.45,0
104,2022-02-02 18:00:00,In-Store,Afternoon,92.05,0
35,2022-02-03 00:00:00,Online,Evening,93.16,0
193,2022-02-03 06:00:00,Online,Afternoon,36.58,0
101,2022-02-03 12:00:00,Online,Evening,134.82,0
175,2022-02-03 18:00:00,In-Store,Morning,220.27,0
131,2022-02-04 00:00:00,Online,Evening,282.37,0
1,2022-02-04 06:00:00,In-Store,Morning,183.12,0
5,2022-02-04 12:00:00,In-Store,Morning,259.62,0
142,2022-02-04 18:00:00,Online,,247.64,0
103,2022-02-05 00:00:00,Online,Afternoon,56.14,1
27,2022-02-05 06:00:00,In-Store,Afternoon,148.32,1
137,2022-02-05 12:00:00,Online,Afternoon,39.49,1
15,2022-02-05 18:00:00,In-Store,Evening,206.24,1
90,2022-02-06 00:00:00,In-Store,Evening,285.22,1
42,2022-02-06 06:00:00,Online,Evening,45.44,1
124,2022-02-06 12:00:00,Online,Morning,221.5,1
179,2022-02-06 18:00:00,In-Store,Evening,191.51,1
63,2022-02-07 00:00:00,In-Store,Evening,177.16,0
96,2022-02-07 06:00:00,In-Store,Evening,,0
52,2022-02-07 12:00:00,In-Store,Afternoon,109.76,0
96,2022-02-07 18:00:00,Online,Evening,18.35,0
132,2022-02-08 00:00:00,Online,Morning,69.28,0
151,2022-02-08 06:00:00,Online,Afternoon,9.48,0
143,2022-02-08 12:00:00,Online,Morning,176.52,0
171,2022-02-08 18:00:00,Online,Evening,36.23,0
29,2022-02-09 00:00:00,In-Store,Afternoon,262.54,0
36,2022-02-09 06:00:00,Online,Morning,159.33,0
13,2022-02-09 12:00:00,Online,Evening,211.41,0
160,2022-02-09 18:00:00,Online,Morning,126.2,0
71,2022-02-10 00:00:00,Online,Morning,170.37,0
187,2022-02-10 06:00:00,Online,Morning,283.08,0
86,2022-02-10 12:00:00,In-Store,Evening,29.41,0
28,2022-02-10 18:00:00,In-Store,Evening,,0
66,2022-02-11 00:00:00,In-Store,Morning,235.1,0
170,2022-02-11 06:00:00,Online,Afternoon,34.13,0
45,2022-02-11 12:00:00,In-Store,Afternoon,27.32,0
62,2022-02-11 18:00:00,In-Store,Evening,,0
185,2022-02-12 00:00:00,Online,Evening,32.19,1
134,2022-02-12 06:00:00,Online,Evening,177.6,1
28,2022-02-12 12:00:00,Online,Evening,71.75,1
28,2022-02-12 18:00:00,In-Store,Evening,269.23,1
108,2022-02-13 00:00:00,In-Store,Afternoon,236.13,1
44,2022-02-13 06:00:00,Online,Evening,211.41,1
84,2022-02-13 12:00:00,Online,Morning,187.0,1
30,2022-02-13 18:00:00,In-Store,Morning,259.72,1
190,2022-02-14 00:00:00,In-Store,Afternoon,70.8,0
75,2022-02-14 06:00:00,Online,Morning,262.57,0
128,2022-02-14 12:00:00,Online,Afternoon,237.9,0
92,2022-02-14 18:00:00,In-Store,Afternoon,225.71,0
190,2022-02-15 00:00:00,Online,Morning,170.57,0
129,2022-02-15 06:00:00,In-Store,Evening,77.64,0
121,2022-02-15 12:00:00,In-Store,Morning,129.95,0
27,2022-02-15 18:00:00,In-Store,Morning,239.1,0
190,2022-02-16 00:00:00,In-Store,Afternoon,14.37,0
121,2022-02-16 06:00:00,Online,Morning,235.7,0
116,2022-02-16 12:00:00,Online,Afternoon,75.82,0
3,2022-02-16 18:00:00,In-Store,Evening,47.57,0
103,2022-02-17 00:00:00,In-Store,Evening,39.13,0
198,2022-02-17 06:00:00,In-Store,Evening,13.04,0
200,2022-02-17 12:00:00,In-Store,Morning,159.46,0
155,2022-02-17 18:00:00,In-Store,Afternoon,69.39,0
137,2022-02-18 00:00:00,Online,Evening,,0
62,2022-02-18 06:00:00,Online,Afternoon,,0
165,2022-02-18 12:00:00,Online,Afternoon,45.68,0
51,2022-02-18 18:00:00,Online,Evening,208.18,0
172,2022-02-19 00:00:00,In-Store,Evening,269.83,1
152,2022-02-19 06:00:00,In-Store,Afternoon,224.83,1
59,2022-02-19 12:00:00,In-Store,Evening,27.55,1
118,2022-02-19 18:00:00,In-Store,Afternoon,269.29,1
160,2022-02-20 00:00:00,In-Store,Afternoon,239.21,1
96,2022-02-20 06:00:00,Online,Evening,51.7,1
180,2022-02-20 12:00:00,In-Store,Morning,20.28,1
113,2022-02-20 18:00:00,Online,Evening,169.41,1
62,2022-02-21 00:00:00,Online,Morning,51.03,0
186,2022-02-21 06:00:00,Online,Afternoon,251.2,0
52,2022-02-21 12:00:00,Online,Afternoon,110.71,0
12,2022-02-21 18:00:00,In-Store,Morning,274.3,0
39,2022-02-22 00:00:00,Online,Afternoon,171.88,0
130,2022-02-22 06:00:00,Online,Morning,58.89,0
131,2022-02-22 12:00:00,Online,Morning,,0
113,2022-02-22 18:00:00,In-Store,Afternoon,175.06,0
101,2022-02-23 00:00:00,In-Store,,229.76,0
113,2022-02-23 06:00:00,In-Store,Evening,235.54,0
184,2022-02-23 12:00:00,Online,Evening,86.35,0
81,2022-02-23 18:00:00,Online,Afternoon,65.25,0
187,2022-02-24 00:00:00,In-Store,Afternoon,9.94,0
113,2022-02-24 06:00:00,Online,Morning,205.36,0
2,2022-02-24 12:00:00,In-Store,Morning,27.59,0
130,2022-02-24 18:00:00,In-Store,Morning,129.12,0
54,2022-02-25 00:00:00,Online,Morning,182.5,0
87,2022-02-25 06:00:00,Online,Evening,281.45,0
129,2022-02-25 12:00:00,Online,Evening,,0
147,2022-02-25 18:00:00,Online,Afternoon,78.68,0
126,2022-02-26 00:00:00,In-Store,Morning,197.98,1
130,2022-02-26 06:00:00,In-Store,Morning,187.68,1
53,2022-02-26 12:00:00,In-Store,Afternoon,102.97,1
172,2022-02-26 18:00:00,In-Store,,278.79,1
160,2022-02-27 00:00:00,In-Store,Morning,254.23,1
198,2022-02-27 06:00:00,Online,Morning,71.07,1
160,2022-02-27 12:00:00,In-Store,Morning,75.55,1
68,2022-02-27 18:00:00,In-Store,Morning,156.13,1
183,2022-02-28 00:00:00,In-Store,Afternoon,233.2,0
184,2022-02-28 06:00:00,Online,Morning,17.99,0
123,2022-02-28 12:00:00,Online,Afternoon,209.53,0
145,2022-02-28 18:00:00,Online,Morning,,0
38,2022-03-01 00:00:00,Online,Evening,73.29,0
24,2022-03-01 06:00:00,In-Store,Evening,206.0,0
69,2022-03-01 12:00:00,In-Store,Evening,282.35,0
116,2022-03-01 18:00:00,Online,Evening,18.8,0
98,2022-03-02 00:00:00,Online,Afternoon,99.3,0
198,2022-03-02 06:00:00,In-Store,,134.26,0
139,2022-03-02 12:00:00,In-Store,Morning,270.28,0
144,2022-03-02 18:00:00,Online,Evening,288.87,0
97,2022-03-03 00:00:00,Online,Afternoon,136.01,0
124,2022-03-03 06:00:00,Online,Morning,226.26,0
187,2022-03-03 12:00:00,Online,Morning,161.84,0
70,2022-03-03 18:00:00,In-Store,Afternoon,163.65,0
93,2022-03-04 00:00:00,In-Store,Evening,87.04,0
3,2022-03-04 06:00:00,In-Store,Morning,69.0,0
148,2022-03-04 12:00:00,Online,Evening,89.96,0
187,2022-03-04 18:00:00,Online,Evening,169.12,0
164,2022-03-05 00:00:00,In-Store,Evening,13.6,1
147,2022-03-05 06:00:00,In-Store,Morning,272.64,1
90,2022-03-05 12:00:00,In-Store,Evening,51.1,1
195,2022-03-05 18:00:00,In-Store,,69.93,1
147,2022-03-06 00:00:00,Online,Evening,,1
148,2022-03-06 06:00:00,In-Store,Morning,214.48,1
96,2022-03-06 12:00:00,In-Store,Evening,,1
199,2022-03-06 18:00:00,In-Store,Afternoon,98.72,1
52,2022-03-07 00:00:00,In-Store,Evening,,0
161,2022-03-07 06:00:00,In-Store,Evening,82.39,0
168,2022-03-07 12:00:00,In-Store,Morning,97.35,0
128,2022-03-07 18:00:00,In-Store,Morning,251.77,0
39,2022-03-08 00:00:00,Online,Evening,19.81,0
82,2022-03-08 06:00:00,Online,Afternoon,142.06,0
104,2022-03-08 12:00:00,Online,Afternoon,116.99,0
129,2022-03-08 18:00:00,Online,Morning,98.39,0
11,2022-03-09 00:00:00,In-Store,Afternoon,89.28,0
185,2022-03-09 06:00:00,Online,Evening,,0
178,2022-03-09 12:00:00,Online,Morning,97.87,0
151,2022-03-09 18:00:00,In-Store,Evening,17.7,0
159,2022-03-10 00:00:00,In-Store,Morning,235.38,0
42,2022-03-10 06:00:00,Online,Morning,122.48,0
99,2022-03-10 12:00:00,Online,Morning,135.95,0
7,2022-03-10 18:00:00,In-Store,Morning,268.61,0
144,2022-03-11 00:00:00,Online,Afternoon,199.13,0
90,2022-03-11 06:00:00,In-Store,Evening,7.38,0
112,2022-03-11 12:00:00,In-Store,Evening,283.24,0
60,2022-03-11 18:00:00,In-Store,Evening,74.96,0
113,2022-03-12 00:00:00,In-Store,Morning,36.75,1
2,2022-03-12 06:00:00,Online,Afternoon,231.6,1
129,2022-03-12 12:00:00,In-Store,Evening,152.64,1
48,2022-03-12 18:00:00,In-Store,Afternoon,132.96,1
140,2022-03-13 00:00:00,Online,,78.6,1
197,2022-03-13 06:00:00,In-Store,Evening,166.5,1
37,2022-03-13 12:00:00,Online,Afternoon,85.94,1
160,2022-03-13 18:00:00,Online,Morning,270.97,1
9,2022-03-14 00:00:00,Online,Afternoon,,0
99,2022-03-14 06:00:00,In-Store,Evening,265.88,0
147,2022-03-14 12:00:00,Online,Evening,170.02,0
48,2022-03-14 18:00:00,Online,Morning,249.4,0
131,2022-03-15 00:00:00,In-Store,Morning,215.29,0
148,2022-03-15 06:00:00,Online,Morning,210.53,0
152,2022-03-15 12:00:00,Online,Afternoon,100.68,0
54,2022-03-15 18:00:00,Online,Afternoon,,0
120,2022-03-16 00:00:00,Online,Afternoon,67.21,0
161,2022-03-16 06:00:00,Online,Morning,257.87,0
152,2022-03-16 12:00:00,In-Store,Evening,247.03,0
116,2022-03-16 18:00:00,Online,Evening,134.97,0
75,2022-03-17 00:00:00,Online,Afternoon,44.06,0
113,2022-03-17 06:00:00,In-Store,Afternoon,117.76,0
200,2022-03-17 12:00:00,In-Store,,187.71,0
164,2022-03-17 18:00:00,In-Store,Evening,139.05,0
166,2022-03-18 00:00:00,Online,Afternoon,235.16,0
104,2022-03-18 06:00:00,In-Store,Afternoon,299.3,0
84,2022-03-18 12:00:00,Online,Evening,61.38,0
112,2022-03-18 18:00:00,Online,Morning,,0
99,2022-03-19 00:00:00,In-Store,Afternoon,132.14,1
153,2022-03-19 06:00:00,In-Store,Evening,94.83,1
93,2022-03-19 12:00:00,Online,Evening,63.44,1
146,2022-03-19 18:00:00,In-Store,Evening,,1
128,2022-03-20 00:00:00,Online,Evening,266.7,1
110,2022-03-20 06:00:00,In-Store,,128.86,1
82,2022-03-20 12:00:00,In-Store,Evening,151.58,1
194,2022-03-20 18:00:00,In-Store,Afternoon,275.5,1
54,2022-03-21 00:00:00,Online,Morning,234.01,0
163,2022-03-21 06:00:00,In-Store,Evening,43.5,0
189,2022-03-21 12:00:00,Online,Morning,171.8,0
169,2022-03-21 18:00:00,Online,,,0
161,2022-03-22 00:00:00,Online,Evening,240.18,0
68,2022-03-22 06:00:00,Online,Afternoon,218.65,0
33,2022-03-22 12:00:00,In-Store,Evening,208.67,0
142,2022-03-22 18:00:00,Online,Evening,105.46,0
21,2022-03-23 00:00:00,Online,Evening,242.46,0
48,2022-03-23 06:00:00,In-Store,Evening,20.46,0
148,2022-03-23 12:00:00,Online,Evening,52.09,0
128,2022-03-23 18:00:00,In-Store,Morning,104.01,0
136,2022-03-24 00:00:00,Online,Evening,27.66,0
135,2022-03-24 06:00:00,In-Store,Evening,74.32,0
195,2022-03-24 12:00:00,Online,Morning,249.89,0
145,2022-03-24 18:00:00,In-Store,Morning,284.73,0
128,2022-03-25 00:00:00,Online,Morning,94.86,0
33,2022-03-25 06:00:00,Online,Morning,,0
176,2022-03-25 12:00:00,In-Store,Morning,87.57,0
187,2022-03-25 18:00:00,In-Store,Morning,86.93,0
115,2022-03-26 00:00:00,In-Store,Evening,15.6,1
119,2022-03-26 06:00:00,In-Store,Evening,278.44,1
22,2022-03-26 12:00:00,Online,Afternoon,68.04,1
158,2022-03-26 18:00:00,Online,Evening,128.9,1
38,2022-03-27 00:00:00,In-Store,Evening,7.86,1
109,2022-03-27 06:00:00,Online,Morning,258.1,1
51,2022-03-27 12:00:00,In-Store,Morning,220.69,1
182,2022-03-27 18:00:00,In-Store,Evening,,1
8,2022-03-28 00:00:00,Online,Afternoon,235.58,0
27,2022-03-28 06:00:00,Online,,97.54,0
27,2022-03-28 12:00:00,Online,Evening,78.12,0
21,2022-03-28 18:00:00,Online,Evening,210.83,0
30,2022-03-29 00:00:00,Online,Afternoon,112.41,0
97,2022-03-29 06:00:00,Online,Afternoon,172.03,0
28,2022-03-29 12:00:00,Online,Morning,6.85,0
111,2022-03-29 18:00:00,In-Store,Afternoon,23.26,0
192,2022-03-30 00:00:00,In-Store,,162.93,0
197,2022-03-30 06:00:00,In-Store,,171.99,0
61,2022-03-30 12:00:00,In-Store,Afternoon,226.68,0
48,2022-03-30 18:00:00,In-Store,Afternoon,43.93,0
147,2022-03-31 00:00:00,Online,Afternoon,156.39,0
4,2022-03-31 06:00:00,In-Store,,62.36,0
35,2022-03-31 12:00:00,In-Store,Morning,32.49,0
192,2022-03-31 18:00:00,In-Store,Afternoon,126.1,0
49,2022-04-01 00:00:00,In-Store,Morning,53.18,0
17,2022-04-01 06:00:00,In-Store,Evening,70.43,0
172,2022-04-01 12:00:00,In-Store,Afternoon,98.68,0
158,2022-04-01 18:00:00,In-Store,Morning,81.52,0
46,2022-04-02 00:00:00,Online,Afternoon,30.84,1
117,2022-04-02 06:00:00,Online,Evening,31.53,1
6,2022-04-02 12:00:00,In-Store,Evening,,1
99,2022-04-02 18:00:00,Online,Evening,,1
124,2022-04-03 00:00:00,Online,Afternoon,189.8,1
37,2022-04-03 06:00:00,Online,Afternoon,89.76,1
24,2022-04-03 12:00:00,Online,Morning,87.53,1
93,2022-04-03 18:00:00,In-Store,Evening,102.94,1
46,2022-04-04 00:00:00,Online,Afternoon,200.52,0
181,2022-04-04 06:00:00,Online,Evening,261.84,0
95,2022-04-04 12:00:00,Online,Evening,228.93,0
99,2022-04-04 18:00:00,In-Store,Morning,219.62,0
188,2022-04-05 00:00:00,In-Store,Morning,147.9,0
116,2022-04-05 06:00:00,In-Store,Morning,209.67,0
191,2022-04-05 12:00:00,In-Store,Morning,168.06,0
160,2022-04-05 18:00:00,In-Store,Evening,68.79,0
161,2022-04-06 00:00:00,In-Store,Morning,66.53,0
67,2022-04-06 06:00:00,In-Store,Morning,92.44,0
128,2022-04-06 12:00:00,Online,Morning,273.69,0
18,2022-04-06 18:00:00,Online,Morning,166.49,0
25,2022-04-07 00:00:00,Online,Evening,221.5,0
54,2022-04-07 06:00:00,In-Store,Morning,107.23,0
58,2022-04-07 12:00:00,In-Store,Evening,125.28,0
67,2022-04-07 18:00:00,In-Store,Afternoon,42.04,0
104,2022-04-08 00:00:00,In-Store,Evening,55.53,0
174,2022-04-08 06:00:00,In-Store,,,0
24,2022-04-08 12:00:00,Online,Morning,177.53,0
114,2022-04-08 18:00:00,Online,Afternoon,104.57,0
32,2022-04-09 00:00:00,In-Store,Afternoon,241.84,1
175,2022-04-09 06:00:00,In-Store,Afternoon,77.72,1
86,2022-04-09 12:00:00,In-Store,Afternoon,292.93,1
151,2022-04-09 18:00:00,In-Store,Evening,106.72,1
194,2022-04-10 00:00:00,Online,Afternoon,104.51,1
127,2022-04-10 06:00:00,In-Store,Evening,97.01,1
155,2022-04-10 12:00:00,In-Store,Evening,41.02,1
130,2022-04-10 18:00:00,In-Store,Evening,37.79,1
17,2022-04-11 00:00:00,In-Store,Afternoon,196.19,0
104,2022-04-11 06:00:00,Online,Morning,,0
161,2022-04-11 12:00:00,In-Store,Morning,238.2,0
137,2022-04-11 18:00:00,In-Store,Afternoon,46.63,0
43,2022-04-12 00:00:00,Online,Morning,165.95,0
176,2022-04-12 06:00:00,Online,Morning,36.15,0
39,2022-04-12 12:00:00,Online,,18.36,0
170,2022-04-12 18:00:00,In-Store,Evening,198.63,0
26,2022-04-13 00:00:00,In-Store,Afternoon,,0
99,2022-04-13 06:00:00,Online,,29.2,0
50,2022-04-13 12:00:00,Online,Morning,15.31,0
153,2022-04-13 18:00:00,Online,Evening,296.98,0
152,2022-04-14 00:00:00,Online,Afternoon,13.86,0
13,2022-04-14 06:00:00,Online,Afternoon,136.14,0
60,2022-04-14 12:00:00,Online,Afternoon,153.86,0
135,2022-04-14 18:00:00,In-Store,Afternoon,39.6,0
57,2022-04-15 00:00:00,In-Store,Afternoon,54.87,0
36,2022-04-15 06:00:00,In-Store,Afternoon,108.78,0
173,2022-04-15 12:00:00,Online,Morning,229.69,0
20,2022-04-15 18:00:00,Online,,154.59,0
65,2022-04-16 00:00:00,Online,Evening,,1
8,2022-04-16 06:00:00,Online,Afternoon,295.63,1
144,2022-04-16 12:00:00,Online,Evening,231.56,1
142,2022-04-16 18:00:00,Online,Evening,133.14,1
115,2022-04-17 00:00:00,In-Store,Evening,136.7,1
143,2022-04-17 06:00:00,In-Store,Afternoon,187.54,1
92,2022-04-17 12:00:00,Online,Afternoon,201.28,1
98,2022-04-17 18:00:00,In-Store,Evening,152.71,1
66,2022-04-18 00:00:00,Online,Evening,195.23,0
32,2022-04-18 06:00:00,In-Store,Afternoon,11.94,0
191,2022-04-18 12:00:00,Online,Morning,131.74,0
86,2022-04-18 18:00:00,Online,Evening,87.29,0
51,2022-04-19 00:00:00,In-Store,Morning,43.11,0
153,2022-04-19 06:00:00,In-Store,Evening,34.37,0
186,2022-04-19 12:00:00,Online,Morning,182.94,0
63,2022-04-19 18:00:00,Online,Morning,159.46,0
190,2022-04-20 00:00:00,In-Store,Morning,79.81,0
125,2022-04-20 06:00:00,In-Store,Afternoon,143.93,0
150,2022-04-20 12:00:00,Online,Morning,,0
58,2022-04-20 18:00:00,In-Store,Morning,62.53,0
58,2022-04-21 00:00:00,Online,Morning,197.37,0
86,2022-04-21 06:00:00,Online,Evening,235.37,0
49,2022-04-21 12:00:00,Online,Morning,238.48,0
180,2022-04-21 18:00:00,Online,Evening,182.73,0
170,2022-04-22 00:00:00,In-Store,Morning,155.93,0
70,2022-04-22 06:00:00,In-Store,,23.0,0
15,2022-04-22 12:00:00,In-Store,Afternoon,89.91,0
54,2022-04-22 18:00:00,In-Store,Evening,32.52,0
188,2022-04-23 00:00:00,In-Store,Morning,289.33,1
101,2022-04-23 06:00:00,In-Store,Evening,44.85,1
8,2022-04-23 12:00:00,In-Store,Evening,49.77,1
53,2022-04-23 18:00:00,Online,Afternoon,267.43,1
60,2022-04-24 00:00:00,In-Store,Afternoon,283.46,1
108,2022-04-24 06:00:00,In-Store,Afternoon,230.92,1
5,2022-04-24 12:00:00,Online,Afternoon,6.59,1
103,2022-04-24 18:00:00,In-Store,Afternoon,5.4,1
196,2022-04-25 00:00:00,In-Store,Afternoon,116.54,0
6,2022-04-25 06:00:00,Online,Afternoon,47.3,0
109,2022-04-25 12:00:00,In-Store,Afternoon,10.42,0
116,2022-04-25 18:00:00,In-Store,Morning,141.9,0
94,2022-04-26 00:00:00,In-Store,Evening,283.2,0
47,2022-04-26 06:00:00,Online,Afternoon,100.53,0
99,2022-04-26 12:00:00,In-Store,Afternoon,200.04,0
55,2022-04-26 18:00:00,In-Store,Evening,197.41,0
168,2022-04-27 00:00:00,Online,Morning,79.07,0
52,2022-04-27 06:00:00,In-Store,Evening,196.88,0
144,2022-04-27 12:00:00,Online,Evening,67.64,0
13,2022-04-27 18:00:00,Online,Afternoon,40.99,0
114,2022-04-28 00:00:00,In-Store,Evening,211.91,0
124,2022-04-28 06:00:00,Online,Evening,38.47,0
106,2022-04-28 12:00:00,Online,Afternoon,299.09,0
158,2022-04-28 18:00:00,In-Store,Afternoon,59.12,0
147,2022-04-29 00:00:00,Online,Afternoon,180.27,0
145,2022-04-29 06:00:00,Online,Afternoon,126.36,0
120,2022-04-29 12:00:00,In-Store,Evening,42.28,0
63,2022-04-29 18:00:00,In-Store,Evening,13.21,0
19,2022-04-30 00:00:00,In-Store,Morning,188.71,1
92,2022-04-30 06:00:00,Online,Morning,242.99,1
58,2022-04-30 12:00:00,In-Store,Evening,253.39,1
183,2022-04-30 18:00:00,Online,Morning,147.4,1
90,2022-05-01 00:00:00,Online,Evening,234.35,1
117,2022-05-01 06:00:00,Online,Morning,203.49,1
62,2022-05-01 12:00:00,Online,Afternoon,218.66,1
23,2022-05-01 18:00:00,Online,Morning,150.32,1
127,2022-05-02 00:00:00,Online,Afternoon,191.86,0
137,2022-05-02 06:00:00,Online,Afternoon,242.63,0
140,2022-05-02 12:00:00,In-Store,Afternoon,122.38,0
129,2022-05-02 18:00:00,In-Store,Afternoon,242.76,0
58,2022-05-03 00:00:00,Online,Morning,179.64,0
122,2022-05-03 06:00:00,Online,Evening,53.94,0
1,2022-05-03 12:00:00,In-Store,Afternoon,12.28,0
34,2022-05-03 18:00:00,Online,Morning,112.01,0
96,2022-05-04 00:00:00,In-Store,,,0
126,2022-05-04 06:00:00,In-Store,Morning,252.75,0
118,2022-05-04 12:00:00,In-Store,Morning,42.61,0
48,2022-05-04 18:00:00,Online,Morning,241.06,0
89,2022-05-05 00:00:00,Online,Evening,259.59,0
117,2022-05-05 06:00:00,In-Store,Morning,,0
129,2022-05-05 12:00:00,In-Store,Morning,256.22,0
16,2022-05-05 18:00:00,In-Store,Evening,297.48,0
189,2022-05-06 00:00:00,In-Store,Evening,219.42,0
192,2022-05-06 06:00:00,In-Store,Morning,236.51,0
191,2022-05-06 12:00:00,Online,Evening,298.35,0
69,2022-05-06 18:00:00,In-Store,,183.62,0
22,2022-05-07 00:00:00,Online,Afternoon,95.83,1
93,2022-05-07 06:00:00,In-Store,Evening,252.07,1
195,2022-05-07 12:00:00,Online,Evening,186.27,1
76,2022-05-07 18:00:00,Online,Morning,176.45,1
154,2022-05-08 00:00:00,Online,,79.82,1
144,2022-05-08 06:00:00,Online,Morning,228.12,1
179,2022-05-08 12:00:00,Online,Afternoon,29.09,1
86,2022-05-08 18:00:00,Online,Evening,277.66,1
185,2022-05-09 00:00:00,In-Store,Morning,101.12,0
29,2022-05-09 06:00:00,Online,Morning,42.69,0
69,2022-05-09 12:00:00,In-Store,Afternoon,135.5,0
47,2022-05-09 18:00:00,Online,Evening,17.53,0
94,2022-05-10 00:00:00,Online,Afternoon,206.96,0
190,2022-05-10 06:00:00,In-Store,Morning,271.3,0
197,2022-05-10 12:00:00,Online,Morning,251.99,0
144,2022-05-10 18:00:00,In-Store,Evening,42.57,0
176,2022-05-11 00:00:00,In-Store,Morning,42.25,0
85,2022-05-11 06:00:00,In-Store,Evening,244.96,0
39,2022-05-11 12:00:00,In-Store,,277.66,0
100,2022-05-11 18:00:00,Online,Evening,140.9,0
33,2022-05-12 00:00:00,Online,Evening,152.2,0
101,2022-05-12 06:00:00,In-Store,Morning,98.89,0
23,2022-05-12 12:00:00,Online,Morning,,0
10,2022-05-12 18:00:00,Online,Evening,195.25,0
69,2022-05-13 00:00:00,In-Store,Morning,90.03,0
100,2022-05-13 06:00:00,Online,Morning,93.14,0
34,2022-05-13 12:00:00,In-Store,Morning,267.9,0
180,2022-05-13 18:00:00,In-Store,Evening,9.02,0
138,2022-05-14 00:00:00,Online,Morning,100.2,1
147,2022-05-14 06:00:00,Online,Evening,168.54,1
186,2022-05-14 12:00:00,Online,Morning,48.72,1
96,2022-05-14 18:00:00,In-Store,Afternoon,32.17,1
1,2022-05-15 00:00:00,In-Store,Morning,245.51,1
69,2022-05-15 06:00:00,Online,Morning,268.85,1
4,2022-05-15 12:00:00,Online,Evening,247.96,1
16,2022-05-15 18:00:00,Online,Evening,270.14,1
24,2022-05-16 00:00:00,Online,Morning,168.17,0
80,2022-05-16 06:00:00,In-Store,Afternoon,,0
2,2022-05-16 12:00:00,Online,Morning,118.29,0
128,2022-05-16 18:00:00,In-Store,Morning,201.55,0
160,2022-05-17 00:00:00,In-Store,Afternoon,296.71,0
84,2022-05-17 06:00:00,Online,,71.59,0
152,2022-05-17 12:00:00,Online,Morning,120.02,0
140,2022-05-17 18:00:00,Online,Evening,146.61,0
178,2022-05-18 00:00:00,In-Store,Evening,45.71,0
163,2022-05-18 06:00:00,Online,Afternoon,28.91,0
124,2022-05-18 12:00:00,Online,Afternoon,249.77,0
33,2022-05-18 18:00:00,In-Store,Evening,293.15,0
161,2022-05-19 00:00:00,Online,Morning,124.39,0
189,2022-05-19 06:00:00,In-Store,Evening,30.86,0
179,2022-05-19 12:00:00,Online,Morning,24.41,0
171,2022-05-19 18:00:00,In-Store,Morning,,0
101,2022-05-20 00:00:00,Online,Afternoon,141.83,0
12,2022-05-20 06:00:00,Online,Morning,99.41,0
67,2022-05-20 12:00:00,In-Store,,145.56,0
65,2022-05-20 18:00:00,In-Store,Evening,98.9,0
161,2022-05-21 00:00:00,Online,Afternoon,149.27,1
168,2022-05-21 06:00:00,In-Store,,258.57,1
74,2022-05-21 12:00:00,In-Store,Morning,179.73,1
43,2022-05-21 18:00:00,In-Store,Afternoon,209.92,1
44,2022-05-22 00:00:00,In-Store,Evening,112.58,1
29,2022-05-22 06:00:00,Online,Afternoon,,1
141,2022-05-22 12:00:00,Online,Afternoon,201.65,1
12,2022-05-22 18:00:00,In-Store,Morning,40.27,1
95,2022-05-23 00:00:00,In-Store,Morning,173.93,0
46,2022-05-23 06:00:00,In-Store,,80.74,0
130,2022-05-23 12:00:00,In-Store,Morning,242.21,0
35,2022-05-23 18:00:00,Online,Morning,130.65,0
81,2022-05-24 00:00:00,Online,Afternoon,298.43,0
90,2022-05-24 06:00:00,In-Store,Morning,,0
8,2022-05-24 12:00:00,In-Store,Evening,235.2,0
93,2022-05-24 18:00:00,In-Store,Afternoon,203.74,0
154,2022-05-25 00:00:00,Online,Evening,231.41,0
90,2022-05-25 06:00:00,In-Store,Afternoon,95.72,0
162,2022-05-25 12:00:00,Online,Morning,150.16,0
115,2022-05-25 18:00:00,In-Store,Afternoon,239.97,0
105,2022-05-26 00:00:00,Online,,,0
135,2022-05-26 06:00:00,In-Store,Morning,71.68,0
196,2022-05-26 12:00:00,Online,Morning,167.56,0
58,2022-05-26 18:00:00,In-Store,Evening,159.45,0
114,2022-05-27 00:00:00,In-Store,Evening,88.27,0
75,2022-05-27 06:00:00,In-Store,Morning,92.93,0
157,2022-05-27 12:00:00,Online,Morning,86.96,0
120,2022-05-27 18:00:00,In-Store,Morning,232.6,0
164,2022-05-28 00:00:00,Online,Afternoon,197.31,1
21,2022-05-28 06:00:00,Online,Afternoon,250.56,1
164,2022-05-28 12:00:00,In-Store,Afternoon,292.76,1
138,2022-05-28 18:00:00,In-Store,Morning,144.88,1
101,2022-05-29 00:00:00,In-Store,Evening,24.67,1
152,2022-05-29 06:00:00,Online,Morning,19.19,1
192,2022-05-29 12:00:00,In-Store,Afternoon,92.22,1
177,2022-05-29 18:00:00,Online,Afternoon,280.1,1
99,2022-05-30 00:00:00,Online,Morning,159.35,0
36,2022-05-30 06:00:00,In-Store,Morning,85.18,0
96,2022-05-30 12:00:00,In-Store,Afternoon,,0
152,2022-05-30 18:00:00,In-Store,Afternoon,181.59,0
151,2022-05-31 00:00:00,In-Store,Afternoon,197.62,0
190,2022-05-31 06:00:00,In-Store,Morning,50.41,0
37,2022-05-31 12:00:00,In-Store,Afternoon,293.22,0
12,2022-05-31 18:00:00,Online,Afternoon,165.71,0
113,2022-06-01 00:00:00,Online,Evening,,0
183,2022-06-01 06:00:00,Online,Morning,268.62,0
13,2022-06-01 12:00:00,In-Store,Evening,27.02,0
23,2022-06-01 18:00:00,Online,Evening,272.78,0
99,2022-06-02 00:00:00,Online,Afternoon,298.99,0
105,2022-06-02 06:00:00,Online,,211.63,0
30,2022-06-02 12:00:00,Online,Afternoon,232.28,0
17,2022-06-02 18:00:00,Online,Morning,,0
113,2022-06-03 00:00:00,In-Store,Evening,282.77,0
62,2022-06-03 06:00:00,In-Store,Morning,161.27,0
84,2022-06-03 12:00:00,Online,Afternoon,221.05,0
112,2022-06-03 18:00:00,Online,Afternoon,277.61,0
86,2022-06-04 00:00:00,Online,Afternoon,292.68,1
141,2022-06-04 06:00:00,In-Store,Morning,250.8,1
187,2022-06-04 12:00:00,In-Store,,94.39,1
19,2022-06-04 18:00:00,Online,,290.13,1
177,2022-06-05 00:00:00,In-Store,Morning,190.3,1
100,2022-06-05 06:00:00,In-Store,Afternoon,279.54,1
140,2022-06-05 12:00:00,Online,Evening,204.45,1
189,2022-06-05 18:00:00,In-Store,Afternoon,95.64,1
147,2022-06-06 00:00:00,In-Store,Morning,114.16,0
76,2022-06-06 06:00:00,Online,Afternoon,167.39,0
9,2022-06-06 12:00:00,In-Store,Evening,238.05,0
199,2022-06-06 18:00:00,In-Store,,,0
28,2022-06-07 00:00:00,Online,Afternoon,176.02,0
128,2022-06-07 06:00:00,In-Store,Morning,106.96,0
52,2022-06-07 12:00:00,In-Store,Afternoon,245.65,0
83,2022-06-07 18:00:00,Online,Morning,142.68,0
111,2022-06-08 00:00:00,Online,Afternoon,27.63,0
144,2022-06-08 06:00:00,Online,Evening,53.99,0
117,2022-06-08 12:00:00,In-Store,Morning,23.03,0
69,2022-06-08 18:00:00,Online,Morning,,0
99,2022-06-09 00:00:00,In-Store,Morning,36.37,0
140,2022-06-09 06:00:00,Online,Evening,38.67,0
25,2022-06-09 12:00:00,In-Store,Afternoon,282.61,0
180,2022-06-09 18:00:00,Online,Evening,262.43,0
123,2022-06-10 00:00:00,Online,Morning,138.37,0
53,2022-06-10 06:00:00,Online,Afternoon,295.81,0
151,2022-06-10 12:00:00,Online,Evening,5.06,0
144,2022-06-10 18:00:00,In-Store,,186.12,0
57,2022-06-11 00:00:00,Online,Morning,186.85,1
39,2022-06-11 06:00:00,Online,Evening,,1
109,2022-06-11 12:00:00,In-Store,Evening,122.1,1
181,2022-06-11 18:00:00,Online,Evening,139.34,1
42,2022-06-12 00:00:00,In-Store,Morning,127.41,1
186,2022-06-12 06:00:00,Online,Evening,220.5,1
167,2022-06-12 12:00:00,Online,Morning,44.93,1
142,2022-06-12 18:00:00,Online,Evening,63.3,1
122,2022-06-13 00:00:00,In-Store,Morning,58.25,0
133,2022-06-13 06:00:00,Online,Morning,82.43,0
163,2022-06-13 12:00:00,Online,Afternoon,159.95,0
75,2022-06-13 18:00:00,Online,Evening,37.81,0
146,2022-06-14 00:00:00,In-Store,,261.11,0
76,2022-06-14 06:00:00,In-Store,Morning,92.72,0
9,2022-06-14 12:00:00,Online,Morning,52.95,0
74,2022-06-14 18:00:00,In-Store,Morning,204.31,0
186,2022-06-15 00:00:00,Online,Afternoon,16.24,0
145,2022-06-15 06:00:00,Online,,187.89,0
7,2022-06-15 12:00:00,Online,Morning,210.97,0
174,2022-06-15 18:00:00,Online,Evening,68.4,0
141,2022-06-16 00:00:00,Online,Evening,17.38,0
168,2022-06-16 06:00:00,Online,Afternoon,112.28,0
170,2022-06-16 12:00:00,Online,Afternoon,34.09,0
137,2022-06-16 18:00:00,In-Store,Morning,39.36,0
178,2022-06-17 00:00:00,In-Store,Evening,80.01,0
27,2022-06-17 06:00:00,In-Store,Morning,92.16,0
122,2022-06-17 12:00:00,In-Store,Afternoon,161.34,0
194,2022-06-17 18:00:00,In-Store,Evening,205.13,0
5,2022-06-18 00:00:00,In-Store,Evening,179.87,1
29,2022-06-18 06:00:00,In-Store,Afternoon,48.77,1
165,2022-06-18 12:00:00,Online,Morning,55.77,1
166,2022-06-18 18:00:00,Online,Morning,264.24,1
83,2022-06-19 00:00:00,Online,Evening,169.71,1
136,2022-06-19 06:00:00,Online,Afternoon,261.63,1
109,2022-06-19 12:00:00,In-Store,Evening,114.61,1
65,2022-06-19 18:00:00,In-Store,,,1
86,2022-06-20 00:00:00,Online,Morning,159.48,0
145,2022-06-20 06:00:00,Online,Afternoon,,0
71,2022-06-20 12:00:00,In-Store,Morning,143.63,0
45,2022-06-20 18:00:00,Online,Afternoon,153.23,0
132,2022-06-21 00:00:00,Online,Evening,64.23,0
36,2022-06-21 06:00:00,Online,Morning,97.93,0
70,2022-06-21 12:00:00,Online,Evening,,0
159,2022-06-21 18:00:00,In-Store,Evening,275.16,0
19,2022-06-22 00:00:00,Online,Morning,111.14,0
189,2022-06-22 06:00:00,Online,Morning,95.56,0
108,2022-06-22 12:00:00,In-Store,Evening,62.58,0
182,2022-06-22 18:00:00,In-Store,Evening,205.15,0
167,2022-06-23 00:00:00,Online,Evening,100.31,0
91,2022-06-23 06:00:00,In-Store,Evening,296.39,0
90,2022-06-23 12:00:00,Online,Morning,101.08,0
19,2022-06-23 18:00:00,Online,Morning,121.27,0
39,2022-06-24 00:00:00,In-Store,Evening,182.98,0
126,2022-06-24 06:00:00,Online,Afternoon,241.5,0
195,2022-06-24 12:00:00,Online,,143.51,0
173,2022-06-24 18:00:00,Online,Morning,129.68,0
141,2022-06-25 00:00:00,Online,Evening,298.71,1
126,2022-06-25 06:00:00,In-Store,Evening,8.1,1
58,2022-06-25 12:00:00,In-Store,Morning,269.04,1
148,2022-06-25 18:00:00,Online,Afternoon,49.0,1
200,2022-06-26 00:00:00,In-Store,Afternoon,236.85,1
61,2022-06-26 06:00:00,Online,Afternoon,187.29,1
127,2022-06-26 12:00:00,Online,Morning,105.84,1
105,2022-06-26 18:00:00,Online,Afternoon,262.79,1
167,2022-06-27 00:00:00,Online,Morning,8.81,0
1,2022-06-27 06:00:00,Online,Morning,71.87,0
131,2022-06-27 12:00:00,In-Store,Evening,172.23,0
92,2022-06-27 18:00:00,Online,Afternoon,108.7,0
190,2022-06-28 00:00:00,In-Store,Morning,185.06,0
191,2022-06-28 06:00:00,In-Store,Afternoon,12.11,0
113,2022-06-28 12:00:00,Online,Afternoon,39.36,0
153,2022-06-28 18:00:00,Online,Evening,42.49,0
56,2022-06-29 00:00:00,Online,Afternoon,60.84,0
161,2022-06-29 06:00:00,Online,Evening,140.5,0
166,2022-06-29 12:00:00,Online,Morning,226.88,0
117,2022-06-29 18:00:00,In-Store,Afternoon,272.13,0
134,2022-06-30 00:00:00,Online,Morning,251.43,0
58,2022-06-30 06:00:00,Online,Afternoon,63.08,0
44,2022-06-30 12:00:00,In-Store,,135.14,0
173,2022-06-30 18:00:00,In-Store,,63.83,0
160,2022-07-01 00:00:00,Online,Afternoon,83.02,0
173,2022-07-01 06:00:00,In-Store,,153.55,0
61,2022-07-01 12:00:00,Online,Afternoon,25.09,0
47,2022-07-01 18:00:00,In-Store,Afternoon,69.36,0
149,2022-07-02 00:00:00,In-Store,Afternoon,280.94,1
80,2022-07-02 06:00:00,Online,Afternoon,142.5,1
118,2022-07-02 12:00:00,In-Store,Afternoon,136.39,1
164,2022-07-02 18:00:00,In-Store,Afternoon,,1
147,2022-07-03 00:00:00,In-Store,Morning,77.98,1
20,2022-07-03 06:00:00,In-Store,Evening,260.56,1
185,2022-07-03 12:00:00,In-Store,Afternoon,53.57,1
146,2022-07-03 18:00:00,In-Store,Evening,127.46,1
47,2022-07-04 00:00:00,Online,Afternoon,9.23,0
49,2022-07-04 06:00:00,Online,Afternoon,146.11,0
14,2022-07-04 12:00:00,In-Store,Morning,11.2,0
143,2022-07-04 18:00:00,Online,Morning,246.78,0
159,2022-07-05 00:00:00,Online,Evening,248.33,0
1,2022-07-05 06:00:00,Online,Morning,237.38,0
117,2022-07-05 12:00:00,In-Store,,88.59,0
54,2022-07-05 18:00:00,Online,Evening,251.98,0
118,2022-07-06 00:00:00,In-Store,Morning,165.18,0
3,2022-07-06 06:00:00,Online,Afternoon,115.27,0
144,2022-07-06 12:00:00,In-Store,Evening,189.47,0
185,2022-07-06 18:00:00,In-Store,Evening,8.64,0
12,2022-07-07 00:00:00,Online,Afternoon,47.17,0
74,2022-07-07 06:00:00,Online,Morning,223.98,0
16,2022-07-07 12:00:00,In-Store,Evening,77.03,0
200,2022-07-07 18:00:00,Online,Evening,181.41,0
102,2022-07-08 00:00:00,Online,Afternoon,118.61,0
152,2022-07-08 06:00:00,Online,Afternoon,257.17,0
156,2022-07-08 12:00:00,In-Store,Morning,285.96,0
117,2022-07-08 18:00:00,In-Store,Evening,265.65,0
8,2022-07-09 00:00:00,Online,Morning,84.83,1
122,2022-07-09 06:00:00,Online,Morning,62.28,1
92,2022-07-09 12:00:00,Online,Afternoon,,1
164,2022-07-09 18:00:00,In-Store,Evening,7.16,1
90,2022-07-10 00:00:00,In-Store,Evening,12.61,1
136,2022-07-10 06:00:00,Online,Evening,168.22,1
186,2022-07-10 12:00:00,Online,Afternoon,158.53,1
60,2022-07-10 18:00:00,Online,Afternoon,298.4,1
178,2022-07-11 00:00:00,Online,Afternoon,64.54,0
28,2022-07-11 06:00:00,Online,Afternoon,81.14,0
101,2022-07-11 12:00:00,Online,Afternoon,38.49,0
41,2022-07-11 18:00:00,In-Store,Evening,275.68,0
192,2022-07-12 00:00:00,Online,Morning,234.45,0
155,2022-07-12 06:00:00,In-Store,Evening,247.59,0
191,2022-07-12 12:00:00,Online,Morning,271.32,0
145,2022-07-12 18:00:00,Online,Afternoon,159.85,0
161,2022-07-13 00:00:00,In-Store,Morning,138.1,0
157,2022-07-13 06:00:00,In-Store,Evening,102.47,0
141,2022-07-13 12:00:00,In-Store,Evening,178.82,0
46,2022-07-13 18:00:00,In-Store,Morning,139.01,0
35,2022-07-14 00:00:00,Online,Afternoon,138.21,0
134,2022-07-14 06:00:00,In-Store,Afternoon,281.39,0
82,2022-07-14 12:00:00,Online,Evening,295.29,0
115,2022-07-14 18:00:00,In-Store,Morning,239.96,0
197,2022-07-15 00:00:00,Online,Afternoon,228.24,0
47,2022-07-15 06:00:00,Online,Afternoon,205.76,0
153,2022-07-15 12:00:00,Online,Evening,53.99,0
194,2022-07-15 18:00:00,Online,Afternoon,22.44,0
10,2022-07-16 00:00:00,Online,Morning,208.76,1
56,2022-07-16 06:00:00,Online,Evening,219.99,1
30,2022-07-16 12:00:00,In-Store,Evening,,1
109,2022-07-16 18:00:00,Online,Morning,278.78,1
5,2022-07-17 00:00:00,In-Store,,31.89,1
119,2022-07-17 06:00:00,In-Store,Afternoon,89.34,1
33,2022-07-17 12:00:00,Online,Afternoon,203.35,1
118,2022-07-17 18:00:00,In-Store,Morning,55.11,1
65,2022-07-18 00:00:00,Online,Afternoon,21.35,0
146,2022-07-18 06:00:00,In-Store,Morning,102.69,0
177,2022-07-18 12:00:00,Online,Morning,230.96,0
11,2022-07-18 18:00:00,In-Store,Afternoon,127.04,0
85,2022-07-19 00:00:00,Online,Morning,197.63,0
26,2022-07-19 06:00:00,Online,Afternoon,175.99,0
63,2022-07-19 12:00:00,Online,Evening,11.55,0
86,2022-07-19 18:00:00,Online,Evening,296.62,0
59,2022-07-20 00:00:00,In-Store,Morning,17.22,0
27,2022-07-20 06:00:00,Online,Afternoon,290.5,0
177,2022-07-20 12:00:00,In-Store,Afternoon,167.21,0
161,2022-07-20 18:00:00,In-Store,Evening,289.13,0
98,2022-07-21 00:00:00,In-Store,Evening,38.85,0
105,2022-07-21 06:00:00,Online,Afternoon,149.67,0
99,2022-07-21 12:00:00,In-Store,Morning,55.0,0
129,2022-07-21 18:00:00,In-Store,,20.04,0
149,2022-07-22 00:00:00,In-Store,Morning,187.17,0
55,2022-07-22 06:00:00,Online,,66.3,0
6,2022-07-22 12:00:00,Online,Evening,178.37,0
197,2022-07-22 18:00:00,In-Store,,38.15,0
95,2022-07-23 00:00:00,Online,Morning,102.94,1
133,2022-07-23 06:00:00,Online,Afternoon,235.58,1
102,2022-07-23 12:00:00,In-Store,Morning,133.93,1
3,2022-07-23 18:00:00,In-Store,Afternoon,190.18,1
181,2022-07-24 00:00:00,Online,Evening,196.0,1
23,2022-07-24 06:00:00,In-Store,Evening,253.91,1
53,2022-07-24 12:00:00,Online,Afternoon,100.85,1
165,2022-07-24 18:00:00,Online,Evening,207.75,1
83,2022-07-25 00:00:00,Online,Morning,288.68,0
145,2022-07-25 06:00:00,Online,,220.42,0
85,2022-07-25 12:00:00,Online,Morning,149.51,0
78,2022-07-25 18:00:00,Online,Evening,191.06,0
110,2022-07-26 00:00:00,In-Store,Morning,223.21,0
1,2022-07-26 06:00:00,In-Store,Evening,185.62,0
51,2022-07-26 12:00:00,Online,Morning,9.92,0
173,2022-07-26 18:00:00,Online,Afternoon,62.46,0
4,2022-07-27 00:00:00,Online,Evening,244.09,0
190,2022-07-27 06:00:00,In-Store,Evening,85.43,0
193,2022-07-27 12:00:00,Online,Morning,,0
113,2022-07-27 18:00:00,In-Store,Evening,114.78,0
32,2022-07-28 00:00:00,Online,Evening,,0
34,2022-07-28 06:00:00,Online,Afternoon,25.05,0
92,2022-07-28 12:00:00,In-Store,Afternoon,58.46,0
95,2022-07-28 18:00:00,In-Store,Morning,287.37,0
72,2022-07-29 00:00:00,Online,Afternoon,267.59,0
39,2022-07-29 06:00:00,Online,Morning,197.42,0
154,2022-07-29 12:00:00,Online,Morning,140.6,0
162,2022-07-29 18:00:00,In-Store,Morning,204.35,0
182,2022-07-30 00:00:00,In-Store,Evening,187.49,1
118,2022-07-30 06:00:00,In-Store,Afternoon,172.72,1
3,2022-07-30 12:00:00,In-Store,Morning,22.46,1
123,2022-07-30 18:00:00,In-Store,Afternoon,191.68,1
50,2022-07-31 00:00:00,In-Store,Morning,231.83,1
12,2022-07-31 06:00:00,Online,Afternoon,298.25,1
193,2022-07-31 12:00:00,Online,Afternoon,8.27,1
54,2022-07-31 18:00:00,In-Store,Morning,220.4,1
133,2022-08-01 00:00:00,Online,Evening,173.68,0
57,2022-08-01 06:00:00,Online,Afternoon,133.05,0
145,2022-08-01 12:00:00,In-Store,,42.63,0
112,2022-08-01 18:00:00,Online,,125.68,0
47,2022-08-02 00:00:00,In-Store,,109.54,0
151,2022-08-02 06:00:00,In-Store,Morning,94.33,0
85,2022-08-02 12:00:00,Online,Morning,220.61,0
142,2022-08-02 18:00:00,In-Store,Afternoon,211.71,0
66,2022-08-03 00:00:00,In-Store,Morning,178.76,0
75,2022-08-03 06:00:00,In-Store,Morning,281.91,0
179,2022-08-03 12:00:00,In-Store,Afternoon,108.21,0
103,2022-08-03 18:00:00,In-Store,Afternoon,76.92,0
166,2022-08-04 00:00:00,In-Store,Morning,198.49,0
192,2022-08-04 06:00:00,In-Store,Morning,63.65,0
38,2022-08-04 12:00:00,In-Store,Morning,97.93,0
50,2022-08-04 18:00:00,Online,Morning,71.26,0
98,2022-08-05 00:00:00,Online,,25.4,0
82,2022-08-05 06:00:00,Online,Evening,249.11,0
30,2022-08-05 12:00:00,In-Store,Morning,80.09,0
79,2022-08-05 18:00:00,In-Store,,144.54,0
91,2022-08-06 00:00:00,Online,Afternoon,17.78,1
179,2022-08-06 06:00:00,Online,Evening,211.31,1
191,2022-08-06 12:00:00,Online,Evening,102.52,1
52,2022-08-06 18:00:00,In-Store,Morning,224.7,1
166,2022-08-07 00:00:00,Online,Evening,126.66,1
79,2022-08-07 06:00:00,Online,Evening,62.75,1
30,2022-08-07 12:00:00,In-Store,Evening,156.39,1
106,2022-08-07 18:00:00,Online,Evening,43.5,1
51,2022-08-08 00:00:00,In-Store,Afternoon,134.96,0
81,2022-08-08 06:00:00,In-Store,Morning,98.61,0
133,2022-08-08 12:00:00,In-Store,,274.03,0
29,2022-08-08 18:00:00,Online,Afternoon,22.97,0
132,2022-08-09 00:00:00,Online,Evening,209.74,0
138,2022-08-09 06:00:00,In-Store,Afternoon,58.91,0
184,2022-08-09 12:00:00,Online,Evening,99.12,0
145,2022-08-09 18:00:00,Online,Afternoon,,0
74,2022-08-10 00:00:00,Online,Morning,272.86,0
17,2022-08-10 06:00:00,Online,Morning,76.56,0
84,2022-08-10 12:00:00,In-Store,Morning,31.94,0
69,2022-08-10 18:00:00,Online,Evening,99.01,0
34,2022-08-11 00:00:00,In-Store,Evening,35.88,0
6,2022-08-11 06:00:00,In-Store,Afternoon,42.94,0
53,2022-08-11 12:00:00,Online,Afternoon,174.29,0
194,2022-08-11 18:00:00,In-Store,Morning,22.97,0
126,2022-08-12 00:00:00,Online,Evening,,0
43,2022-08-12 06:00:00,Online,,215.75,0
115,2022-08-12 12:00:00,In-Store,Evening,111.69,0
111,2022-08-12 18:00:00,In-Store,Evening,41.99,0
151,2022-08-13 00:00:00,In-Store,Morning,79.82,1
183,2022-08-13 06:00:00,In-Store,Morning,194.42,1
80,2022-08-13 12:00:00,Online,Evening,86.28,1
95,2022-08-13 18:00:00,Online,Evening,150.88,1
118,2022-08-14 00:00:00,Online,Evening,40.9,1
144,2022-08-14 06:00:00,In-Store,Evening,178.49,1
8,2022-08-14 12:00:00,In-Store,Morning,98.24,1
132,2022-08-14 18:00:00,In-Store,Afternoon,189.96,1
104,2022-08-15 00:00:00,Online,Morning,243.48,0
132,2022-08-15 06:00:00,In-Store,Afternoon,185.44,0
184,2022-08-15 12:00:00,Online,Evening,92.25,0
25,2022-08-15 18:00:00,In-Store,Afternoon,80.44,0
195,2022-08-16 00:00:00,Online,Morning,101.59,0
96,2022-08-16 06:00:00,Online,Morning,53.56,0
195,2022-08-16 12:00:00,In-Store,Evening,58.45,0
155,2022-08-16 18:00:00,In-Store,Morning,238.25,0
93,2022-08-17 00:00:00,Online,Evening,118.5,0
160,2022-08-17 06:00:00,Online,Morning,133.62,0
178,2022-08-17 12:00:00,In-Store,Morning,180.24,0
61,2022-08-17 18:00:00,In-Store,Evening,178.95,0
122,2022-08-18 00:00:00,Online,Afternoon,24.88,0
51,2022-08-18 06:00:00,In-Store,Morning,250.3,0
147,2022-08-18 12:00:00,Online,Afternoon,57.31,0
21,2022-08-18 18:00:00,Online,Morning,218.31,0
5,2022-08-19 00:00:00,In-Store,Morning,232.94,0
92,2022-08-19 06:00:00,In-Store,Morning,215.9,0
170,2022-08-19 12:00:00,In-Store,Morning,175.8,0
61,2022-08-19 18:00:00,In-Store,Afternoon,9.31,0
22,2022-08-20 00:00:00,In-Store,Afternoon,111.31,1
149,2022-08-20 06:00:00,Online,Morning,183.43,1
70,2022-08-20 12:00:00,Online,Morning,119.3,1
1,2022-08-20 18:00:00,In-Store,Afternoon,259.73,1
133,2022-08-21 00:00:00,In-Store,Evening,96.1,1
12,2022-08-21 06:00:00,In-Store,Evening,91.59,1
90,2022-08-21 12:00:00,Online,Afternoon,83.47,1
46,2022-08-21 18:00:00,In-Store,Morning,103.17,1
34,2022-08-22 00:00:00,In-Store,Morning,169.43,0
177,2022-08-22 06:00:00,Online,Evening,213.57,0
78,2022-08-22 12:00:00,Online,Evening,,0
45,2022-08-22 18:00:00,In-Store,Afternoon,243.28,0
155,2022-08-23 00:00:00,In-Store,Evening,266.34,0
73,2022-08-23 06:00:00,In-Store,Afternoon,,0
26,2022-08-23 12:00:00,Online,Evening,10.59,0
47,2022-08-23 18:00:00,In-Store,Evening,222.1,0
121,2022-08-24 00:00:00,In-Store,Evening,66.48,0
56,2022-08-24 06:00:00,In-Store,Morning,44.21,0
94,2022-08-24 12:00:00,Online,Morning,193.35,0
107,2022-08-24 18:00:00,Online,Morning,99.32,0
63,2022-08-25 00:00:00,In-Store,Evening,21.85,0
48,2022-08-25 06:00:00,In-Store,Afternoon,45.6,0
61,2022-08-25 12:00:00,Online,Afternoon,5.27,0
81,2022-08-25 18:00:00,Online,Afternoon,271.45,0
26,2022-08-26 00:00:00,Online,Afternoon,12.26,0
36,2022-08-26 06:00:00,Online,Morning,66.79,0
1,2022-08-26 12:00:00,Online,Morning,127.8,0
8,2022-08-26 18:00:00,Online,Evening,110.19,0
113,2022-08-27 00:00:00,Online,Evening,273.96,1
99,2022-08-27 06:00:00,Online,Afternoon,16.89,1
180,2022-08-27 12:00:00,Online,Morning,156.1,1
47,2022-08-27 18:00:00,In-Store,Afternoon,205.74,1
127,2022-08-28 00:00:00,In-Store,Evening,279.85,1
56,2022-08-28 06:00:00,In-Store,Evening,188.01,1
14,2022-08-28 12:00:00,Online,Afternoon,242.11,1
28,2022-08-28 18:00:00,In-Store,Evening,29.7,1
78,2022-08-29 00:00:00,Online,Afternoon,118.85,0
130,2022-08-29 06:00:00,Online,Morning,115.31,0
109,2022-08-29 12:00:00,In-Store,Afternoon,266.46,0
154,2022-08-29 18:00:00,Online,,49.65,0
14,2022-08-30 00:00:00,In-Store,Morning,49.81,0
187,2022-08-30 06:00:00,In-Store,Evening,101.92,0
56,2022-08-30 12:00:00,In-Store,Evening,21.07,0
115,2022-08-30 18:00:00,Online,Evening,58.83,0
7,2022-08-31 00:00:00,In-Store,Afternoon,289.74,0
3,2022-08-31 06:00:00,Online,Afternoon,131.31,0
111,2022-08-31 12:00:00,In-Store,Evening,191.45,0
151,2022-08-31 18:00:00,In-Store,Afternoon,219.2,0
107,2022-09-01 00:00:00,In-Store,Evening,113.25,0
18,2022-09-01 06:00:00,Online,Afternoon,48.43,0
38,2022-09-01 12:00:00,Online,,65.94,0
115,2022-09-01 18:00:00,Online,Morning,97.41,0
15,2022-09-02 00:00:00,In-Store,Evening,,0
192,2022-09-02 06:00:00,In-Store,Afternoon,122.49,0
119,2022-09-02 12:00:00,Online,Afternoon,7.01,0
28,2022-09-02 18:00:00,Online,,159.41,0
39,2022-09-03 00:00:00,Online,Morning,276.85,1
185,2022-09-03 06:00:00,Online,Evening,244.56,1
17,2022-09-03 12:00:00,Online,Morning,248.44,1
86,2022-09-03 18:00:00,Online,Evening,239.54,1
126,2022-09-04 00:00:00,In-Store,Morning,100.5,1
44,2022-09-04 06:00:00,Online,Morning,230.73,1
25,2022-09-04 12:00:00,In-Store,Afternoon,47.23,1
145,2022-09-04 18:00:00,In-Store,Morning,199.03,1
13,2022-09-05 00:00:00,Online,Morning,194.26,0
25,2022-09-05 06:00:00,Online,Evening,12.54,0
68,2022-09-05 12:00:00,In-Store,Morning,237.45,0
138,2022-09-05 18:00:00,Online,Evening,271.46,0
67,2022-09-06 00:00:00,Online,Morning,,0
109,2022-09-06 06:00:00,In-Store,Morning,244.66,0
146,2022-09-06 12:00:00,In-Store,Evening,29.31,0
111,2022-09-06 18:00:00,In-Store,Afternoon,181.99,0
111,2022-09-07 00:00:00,Online,Evening,148.27,0
34,2022-09-07 06:00:00,In-Store,Evening,166.05,0
111,2022-09-07 12:00:00,Online,Evening,278.23,0
8,2022-09-07 18:00:00,In-Store,Afternoon,262.04,0
168,2022-09-08 00:00:00,In-Store,Morning,236.6,0
113,2022-09-08 06:00:00,In-Store,Evening,85.74,0
83,2022-09-08 12:00:00,Online,Evening,273.99,0
42,2022-09-08 18:00:00,Online,Afternoon,33.76,0
169,2022-09-09 00:00:00,In-Store,Evening,256.73,0
101,2022-09-09 06:00:00,In-Store,Morning,101.81,0
6,2022-09-09 12:00:00,In-Store,Afternoon,20.86,0
180,2022-09-09 18:00:00,Online,Morning,202.46,0
26,2022-09-10 00:00:00,In-Store,Morning,73.23,1
64,2022-09-10 06:00:00,Online,Afternoon,76.85,1
187,2022-09-10 12:00:00,In-Store,Evening,95.28,1
184,2022-09-10 18:00:00,In-Store,Morning,23.79,1
59,2022-09-11 00:00:00,In-Store,Morning,57.25,1
109,2022-09-11 06:00:00,In-Store,Morning,6.52,1
198,2022-09-11 12:00:00,In-Store,Morning,136.4,1
121,2022-09-11 18:00:00,In-Store,Afternoon,29.86,1
33,2022-09-12 00:00:00,Online,Afternoon,206.38,0
181,2022-09-12 06:00:00,In-Store,Morning,74.51,0
150,2022-09-12 12:00:00,Online,Evening,283.35,0
21,2022-09-12 18:00:00,In-Store,Morning,262.02,0
198,2022-09-13 00:00:00,In-Store,Evening,90.39,0
70,2022-09-13 06:00:00,Online,Morning,236.05,0
112,2022-09-13 12:00:00,In-Store,Evening,241.96,0
4,2022-09-13 18:00:00,Online,Morning,296.04,0
94,2022-09-14 00:00:00,Online,Evening,181.36,0
75,2022-09-14 06:00:00,In-Store,Morning,29.18,0
190,2022-09-14 12:00:00,Online,Morning,195.82,0
62,2022-09-14 18:00:00,Online,Evening,189.37,0
94,2022-09-15 00:00:00,In-Store,Afternoon,193.31,0
95,2022-09-15 06:00:00,Online,Evening,95.61,0
152,2022-09-15 12:00:00,In-Store,Afternoon,258.61,0
55,2022-09-15 18:00:00,In-Store,Morning,288.04,0
137,2022-09-16 00:00:00,In-Store,Evening,69.23,0
131,2022-09-16 06:00:00,In-Store,Evening,31.0,0
31,2022-09-16 12:00:00,Online,Evening,62.39,0
40,2022-09-16 18:00:00,In-Store,Afternoon,247.06,0
36,2022-09-17 00:00:00,In-Store,Afternoon,204.61,1
152,2022-09-17 06:00:00,Online,Morning,192.63,1
6,2022-09-17 12:00:00,In-Store,Afternoon,123.53,1
66,2022-09-17 18:00:00,In-Store,Afternoon,175.46,1
75,2022-09-18 00:00:00,Online,Morning,95.82,1
4,2022-09-18 06:00:00,Online,,145.77,1
79,2022-09-18 12:00:00,Online,Evening,238.95,1
134,2022-09-18 18:00:00,Online,Morning,294.47,1
118,2022-09-19 00:00:00,Online,Evening,280.08,0
113,2022-09-19 06:00:00,Online,,280.49,0
94,2022-09-19 12:00:00,Online,Morning,123.66,0
179,2022-09-19 18:00:00,In-Store,Morning,143.29,0
62,2022-09-20 00:00:00,Online,,213.16,0
185,2022-09-20 06:00:00,Online,Evening,277.05,0
194,2022-09-20 12:00:00,Online,Morning,46.89,0
79,2022-09-20 18:00:00,In-Store,Morning,94.75,0
136,2022-09-21 00:00:00,In-Store,Morning,,0
26,2022-09-21 06:00:00,Online,,185.54,0
179,2022-09-21 12:00:00,Online,Afternoon,95.36,0
173,2022-09-21 18:00:00,Online,Morning,101.2,0
44,2022-09-22 00:00:00,In-Store,Afternoon,25.92,0
133,2022-09-22 06:00:00,In-Store,Evening,108.19,0
70,2022-09-22 12:00:00,Online,Evening,,0
154,2022-09-22 18:00:00,In-Store,Evening,73.76,0
118,2022-09-23 00:00:00,Online,Evening,210.08,0
68,2022-09-23 06:00:00,In-Store,Afternoon,190.74,0
19,2022-09-23 12:00:00,In-Store,Morning,,0
20,2022-09-23 18:00:00,Online,Evening,44.02,0
113,2022-09-24 00:00:00,Online,Evening,293.39,1
140,2022-09-24 06:00:00,Online,Afternoon,176.88,1
47,2022-09-24 12:00:00,Online,Afternoon,298.66,1
1,2022-09-24 18:00:00,In-Store,Evening,273.9,1
90,2022-09-25 00:00:00,In-Store,Morning,70.35,1
142,2022-09-25 06:00:00,In-Store,Morning,21.57,1
64,2022-09-25 12:00:00,Online,,80.41,1
38,2022-09-25 18:00:00,In-Store,Afternoon,160.63,1
37,2022-09-26 00:00:00,Online,,55.62,0
126,2022-09-26 06:00:00,In-Store,Evening,54.4,0
139,2022-09-26 12:00:00,Online,,141.47,0
100,2022-09-26 18:00:00,Online,Evening,14.81,0
77,2022-09-27 00:00:00,In-Store,Evening,40.96,0
3,2022-09-27 06:00:00,Online,Evening,127.68,0
161,2022-09-27 12:00:00,Online,Afternoon,23.62,0
134,2022-09-27 18:00:00,In-Store,Morning,122.04,0
178,2022-09-28 00:00:00,Online,Morning,,0
10,2022-09-28 06:00:00,Online,Afternoon,,0
5,2022-09-28 12:00:00,Online,Morning,261.41,0
151,2022-09-28 18:00:00,In-Store,Evening,161.37,0
138,2022-09-29 00:00:00,In-Store,Morning,143.05,0
172,2022-09-29 06:00:00,Online,Evening,126.16,0
130,2022-09-29 12:00:00,In-Store,Morning,246.2,0
13,2022-09-29 18:00:00,Online,Afternoon,269.04,0
168,2022-09-30 00:00:00,Online,Morning,256.71,0
130,2022-09-30 06:00:00,Online,Morning,203.7,0
84,2022-09-30 12:00:00,Online,Morning,45.52,0
65,2022-09-30 18:00:00,Online,Afternoon,86.68,0
63,2022-10-01 00:00:00,In-Store,Morning,18.59,1
101,2022-10-01 06:00:00,Online,Afternoon,279.59,1
73,2022-10-01 12:00:00,In-Store,Evening,,1
17,2022-10-01 18:00:00,In-Store,Morning,225.18,1
9,2022-10-02 00:00:00,Online,,96.91,1
143,2022-10-02 06:00:00,Online,Afternoon,254.47,1
152,2022-10-02 12:00:00,In-Store,Morning,81.58,1
38,2022-10-02 18:00:00,In-Store,Evening,5.48,1
163,2022-10-03 00:00:00,In-Store,Afternoon,116.04,0
94,2022-10-03 06:00:00,Online,Morning,173.37,0
95,2022-10-03 12:00:00,In-Store,Evening,146.22,0
49,2022-10-03 18:00:00,Online,Afternoon,,0
69,2022-10-04 00:00:00,Online,Afternoon,36.09,0
62,2022-10-04 06:00:00,Online,Evening,168.38,0
188,2022-10-04 12:00:00,In-Store,Evening,,0
178,2022-10-04 18:00:00,Online,Morning,88.01,0
78,2022-10-05 00:00:00,Online,Morning,247.56,0
117,2022-10-05 06:00:00,Online,Afternoon,227.09,0
120,2022-10-05 12:00:00,Online,Evening,,0
137,2022-10-05 18:00:00,Online,Evening,,0
162,2022-10-06 00:00:00,In-Store,Evening,218.22,0
76,2022-10-06 06:00:00,Online,Afternoon,73.39,0
35,2022-10-06 12:00:00,Online,Evening,213.14,0
1,2022-10-06 18:00:00,In-Store,Evening,95.77,0
40,2022-10-07 00:00:00,Online,Afternoon,76.44,0
64,2022-10-07 06:00:00,In-Store,Morning,26.54,0
150,2022-10-07 12:00:00,Online,Morning,224.49,0
60,2022-10-07 18:00:00,In-Store,Afternoon,214.75,0
64,2022-10-08 00:00:00,In-Store,Evening,74.18,1
93,2022-10-08 06:00:00,Online,Afternoon,226.07,1
72,2022-10-08 12:00:00,Online,Morning,275.76,1
11,2022-10-08 18:00:00,Online,Morning,36.87,1
105,2022-10-09 00:00:00,In-Store,,73.63,1
14,2022-10-09 06:00:00,In-Store,Afternoon,226.33,1
60,2022-10-09 12:00:00,In-Store,Morning,85.98,1
30,2022-10-09 18:00:00,Online,Afternoon,189.28,1
35,2022-10-10 00:00:00,In-Store,Morning,28.94,0
165,2022-10-10 06:00:00,In-Store,Afternoon,138.4,0
5,2022-10-10 12:00:00,Online,Afternoon,223.03,0
83,2022-10-10 18:00:00,In-Store,Afternoon,207.52,0
123,2022-10-11 00:00:00,In-Store,Morning,245.45,0
78,2022-10-11 06:00:00,Online,Afternoon,263.85,0
154,2022-10-11 12:00:00,In-Store,Morning,233.09,0
62,2022-10-11 18:00:00,Online,Morning,203.12,0
132,2022-10-12 00:00:00,Online,Afternoon,14.36,0
89,2022-10-12 06:00:00,Online,Afternoon,162.82,0
42,2022-10-12 12:00:00,Online,Morning,16.12,0
89,2022-10-12 18:00:00,Online,Morning,243.38,0
146,2022-10-13 00:00:00,In-Store,Evening,99.61,0
40,2022-10-13 06:00:00,In-Store,Morning,170.92,0
72,2022-10-13 12:00:00,Online,Evening,87.44,0
39,2022-10-13 18:00:00,Online,Evening,235.84,0
104,2022-10-14 00:00:00,In-Store,Evening,266.52,0
14,2022-10-14 06:00:00,Online,Afternoon,122.6,0
32,2022-10-14 12:00:00,Online,,259.56,0
179,2022-10-14 18:00:00,Online,Morning,83.79,0
125,2022-10-15 00:00:00,In-Store,Evening,162.72,1
166,2022-10-15 06:00:00,In-Store,Afternoon,258.33,1
97,2022-10-15 12:00:00,Online,Afternoon,101.13,1
23,2022-10-15 18:00:00,Online,Afternoon,286.44,1
63,2022-10-16 00:00:00,In-Store,,,1
143,2022-10-16 06:00:00,In-Store,Afternoon,10.39,1
153,2022-10-16 12:00:00,Online,Evening,271.72,1
145,2022-10-16 18:00:00,Online,Evening,25.25,1
194,2022-10-17 00:00:00,In-Store,Evening,,0
53,2022-10-17 06:00:00,In-Store,Evening,285.66,0
104,2022-10-17 12:00:00,In-Store,Morning,45.42,0
104,2022-10-17 18:00:00,Online,Evening,163.59,0
179,2022-10-18 00:00:00,In-Store,Afternoon,59.55,0
39,2022-10-18 06:00:00,Online,Evening,131.31,0
179,2022-10-18 12:00:00,In-Store,Morning,23.12,0
198,2022-10-18 18:00:00,In-Store,Afternoon,71.06,0
134,2022-10-19 00:00:00,In-Store,Evening,112.17,0
67,2022-10-19 06:00:00,In-Store,,134.4,0
135,2022-10-19 12:00:00,Online,Evening,293.36,0
179,2022-10-19 18:00:00,Online,Afternoon,243.32,0
200,2022-10-20 00:00:00,In-Store,Afternoon,222.54,0
42,2022-10-20 06:00:00,Online,Morning,163.43,0
192,2022-10-20 12:00:00,In-Store,Afternoon,252.8,0
15,2022-10-20 18:00:00,In-Store,Afternoon,105.1,0
111,2022-10-21 00:00:00,In-Store,Evening,214.13,0
157,2022-10-21 06:00:00,In-Store,Afternoon,298.17,0
33,2022-10-21 12:00:00,Online,Evening,97.82,0
155,2022-10-21 18:00:00,In-Store,,203.84,0
164,2022-10-22 00:00:00,In-Store,Afternoon,254.07,1
157,2022-10-22 06:00:00,Online,Morning,275.16,1
38,2022-10-22 12:00:00,In-Store,Morning,216.79,1
185,2022-10-22 18:00:00,In-Store,Afternoon,88.66,1
97,2022-10-23 00:00:00,In-Store,Morning,101.25,1
155,2022-10-23 06:00:00,Online,Evening,11.12,1
183,2022-10-23 12:00:00,In-Store,Evening,229.46,1
33,2022-10-23 18:00:00,Online,Afternoon,17.61,1
196,2022-10-24 00:00:00,In-Store,Morning,260.07,0
86,2022-10-24 06:00:00,In-Store,Morning,40.0,0
66,2022-10-24 12:00:00,Online,Evening,55.7,0
10,2022-10-24 18:00:00,In-Store,Afternoon,145.58,0
5,2022-10-25 00:00:00,In-Store,Morning,222.67,0
123,2022-10-25 06:00:00,Online,Afternoon,46.01,0
74,2022-10-25 12:00:00,Online,Morning,134.82,0
97,2022-10-25 18:00:00,Online,Evening,,0
118,2022-10-26 00:00:00,Online,,67.62,0
38,2022-10-26 06:00:00,Online,Afternoon,39.09,0
141,2022-10-26 12:00:00,In-Store,Evening,251.74,0
159,2022-10-26 18:00:00,Online,Morning,,0
47,2022-10-27 00:00:00,In-Store,Evening,9.24,0
109,2022-10-27 06:00:00,In-Store,Afternoon,241.88,0
180,2022-10-27 12:00:00,In-Store,Afternoon,294.33,0
184,2022-10-27 18:00:00,Online,Afternoon,183.75,0
15,2022-10-28 00:00:00,Online,Morning,153.59,0
157,2022-10-28 06:00:00,In-Store,Morning,264.13,0
136,2022-10-28 12:00:00,Online,Morning,285.99,0
5,2022-10-28 18:00:00,Online,Morning,227.59,0
157,2022-10-29 00:00:00,Online,Morning,136.41,1
47,2022-10-29 06:00:00,Online,Evening,,1
68,2022-10-29 12:00:00,In-Store,Morning,211.78,1
76,2022-10-29 18:00:00,In-Store,Morning,62.31,1
173,2022-10-30 00:00:00,Online,Evening,136.92,1
130,2022-10-30 06:00:00,In-Store,Morning,249.8,1
155,2022-10-30 12:00:00,Online,Afternoon,198.14,1
95,2022-10-30 18:00:00,Online,Morning,126.31,1
115,2022-10-31 00:00:00,In-Store,,200.69,0
164,2022-10-31 06:00:00,In-Store,Afternoon,39.88,0
36,2022-10-31 12:00:00,In-Store,Afternoon,123.44,0
26,2022-10-31 18:00:00,Online,Afternoon,238.97,0
43,2022-11-01 00:00:00,In-Store,Afternoon,70.05,0
27,2022-11-01 06:00:00,Online,Morning,59.86,0
69,2022-11-01 12:00:00,In-Store,Afternoon,285.49,0
148,2022-11-01 18:00:00,In-Store,Afternoon,66.92,0
11,2022-11-02 00:00:00,Online,Evening,81.97,0
74,2022-11-02 06:00:00,Online,Afternoon,291.04,0
104,2022-11-02 12:00:00,Online,,221.74,0
38,2022-11-02 18:00:00,Online,Evening,211.38,0
134,2022-11-03 00:00:00,Online,Evening,256.61,0
200,2022-11-03 06:00:00,Online,Morning,39.17,0
23,2022-11-03 12:00:00,Online,Evening,213.26,0
47,2022-11-03 18:00:00,Online,Morning,153.59,0
90,2022-11-04 00:00:00,In-Store,Evening,249.6,0
46,2022-11-04 06:00:00,Online,Evening,154.9,0
107,2022-11-04 12:00:00,Online,Morning,187.97,0
140,2022-11-04 18:00:00,In-Store,Evening,145.93,0
141,2022-11-05 00:00:00,Online,Morning,146.06,1
104,2022-11-05 06:00:00,In-Store,Evening,231.55,1
190,2022-11-05 12:00:00,In-Store,Afternoon,190.43,1
111,2022-11-05 18:00:00,Online,Evening,191.81,1
104,2022-11-06 00:00:00,In-Store,Morning,137.83,1
60,2022-11-06 06:00:00,Online,Evening,161.68,1
171,2022-11-06 12:00:00,In-Store,Morning,224.99,1
100,2022-11-06 18:00:00,In-Store,Morning,248.65,1
68,2022-11-07 00:00:00,In-Store,Afternoon,210.49,0
133,2022-11-07 06:00:00,Online,Afternoon,277.6,0
120,2022-11-07 12:00:00,Online,Morning,247.0,0
37,2022-11-07 18:00:00,In-Store,Evening,170.75,0
72,2022-11-08 00:00:00,In-Store,Morning,203.06,0
127,2022-11-08 06:00:00,Online,Morning,278.26,0
106,2022-11-08 12:00:00,Online,Evening,187.65,0
92,2022-11-08 18:00:00,In-Store,Evening,248.32,0
31,2022-11-09 00:00:00,In-Store,Evening,208.2,0
122,2022-11-09 06:00:00,Online,Evening,167.82,0
137,2022-11-09 12:00:00,Online,Morning,76.34,0
51,2022-11-09 18:00:00,Online,Morning,130.67,0
29,2022-11-10 00:00:00,Online,Afternoon,290.48,0
40,2022-11-10 06:00:00,Online,Morning,199.04,0
41,2022-11-10 12:00:00,In-Store,Evening,171.5,0
11,2022-11-10 18:00:00,Online,Afternoon,280.22,0
151,2022-11-11 00:00:00,In-Store,Evening,178.02,0
1,2022-11-11 06:00:00,Online,Morning,160.19,0
46,2022-11-11 12:00:00,In-Store,Afternoon,229.0,0
101,2022-11-11 18:00:00,Online,Evening,,0
149,2022-11-12 00:00:00,Online,Afternoon,,1
90,2022-11-12 06:00:00,In-Store,Afternoon,144.04,1
110,2022-11-12 12:00:00,In-Store,Morning,144.39,1
164,2022-11-12 18:00:00,Online,Evening,116.58,1
182,2022-11-13 00:00:00,Online,Afternoon,,1
57,2022-11-13 06:00:00,Online,,126.87,1
1,2022-11-13 12:00:00,Online,Evening,63.81,1
63,2022-11-13 18:00:00,Online,Afternoon,126.65,1
182,2022-11-14 00:00:00,In-Store,Afternoon,26.32,0
55,2022-11-14 06:00:00,In-Store,Afternoon,174.86,0
115,2022-11-14 12:00:00,Online,Evening,256.83,0
168,2022-11-14 18:00:00,In-Store,Evening,218.96,0
143,2022-11-15 00:00:00,In-Store,Evening,111.32,0
149,2022-11-15 06:00:00,In-Store,Evening,30.69,0
175,2022-11-15 12:00:00,Online,Morning,64.63,0
53,2022-11-15 18:00:00,In-Store,Afternoon,165.92,0
137,2022-11-16 00:00:00,Online,,66.08,0
180,2022-11-16 06:00:00,In-Store,Afternoon,165.47,0
57,2022-11-16 12:00:00,Online,Afternoon,73.32,0
117,2022-11-16 18:00:00,In-Store,Morning,255.43,0
154,2022-11-17 00:00:00,Online,Evening,122.2,0
169,2022-11-17 06:00:00,Online,Evening,77.44,0
35,2022-11-17 12:00:00,In-Store,,244.64,0
63,2022-11-17 18:00:00,Online,Evening,106.14,0
25,2022-11-18 00:00:00,Online,Afternoon,37.89,0
90,2022-11-18 06:00:00,Online,Afternoon,173.27,0
75,2022-11-18 12:00:00,Online,Morning,176.56,0
38,2022-11-18 18:00:00,Online,Morning,215.84,0
130,2022-11-19 00:00:00,Online,Morning,75.86,1
135,2022-11-19 06:00:00,Online,Afternoon,135.91,1
162,2022-11-19 12:00:00,Online,Evening,88.3,1
91,2022-11-19 18:00:00,In-Store,,,1
17,2022-11-20 00:00:00,In-Store,Evening,263.6,1
128,2022-11-20 06:00:00,Online,,220.02,1
171,2022-11-20 12:00:00,Online,Morning,93.93,1
187,2022-11-20 18:00:00,In-Store,Afternoon,181.82,1
108,2022-11-21 00:00:00,In-Store,Morning,64.37,0
179,2022-11-21 06:00:00,In-Store,Morning,267.62,0
182,2022-11-21 12:00:00,Online,Afternoon,38.9,0
152,2022-11-21 18:00:00,In-Store,Evening,6.13,0
25,2022-11-22 00:00:00,Online,Morning,153.09,0
199,2022-11-22 06:00:00,Online,Afternoon,177.02,0
180,2022-11-22 12:00:00,In-Store,Morning,175.79,0
198,2022-11-22 18:00:00,Online,Afternoon,21.08,0
88,2022-11-23 00:00:00,Online,Evening,97.64,0
161,2022-11-23 06:00:00,Online,,152.26,0
177,2022-11-23 12:00:00,Online,Afternoon,68.89,0
29,2022-11-23 18:00:00,In-Store,Afternoon,262.42,0
63,2022-11-24 00:00:00,In-Store,Afternoon,30.7,0
150,2022-11-24 06:00:00,Online,Evening,148.78,0
154,2022-11-24 12:00:00,Online,Morning,208.97,0
156,2022-11-24 18:00:00,In-Store,Evening,82.22,0
114,2022-11-25 00:00:00,Online,Afternoon,189.15,0
49,2022-11-25 06:00:00,In-Store,Afternoon,,0
199,2022-11-25 12:00:00,Online,Evening,61.15,0
81,2022-11-25 18:00:00,Online,Afternoon,,0
84,2022-11-26 00:00:00,In-Store,Evening,168.3,1
105,2022-11-26 06:00:00,In-Store,Afternoon,93.27,1
177,2022-11-26 12:00:00,In-Store,Morning,132.1,1
148,2022-11-26 18:00:00,In-Store,Morning,97.1,1
118,2022-11-27 00:00:00,Online,Afternoon,218.91,1
86,2022-11-27 06:00:00,In-Store,Evening,239.91,1
63,2022-11-27 12:00:00,Online,Morning,,1
189,2022-11-27 18:00:00,In-Store,Evening,295.8,1
104,2022-11-28 00:00:00,In-Store,Afternoon,238.43,0
49,2022-11-28 06:00:00,Online,Evening,182.41,0
71,2022-11-28 12:00:00,In-Store,Morning,105.07,0
1,2022-11-28 18:00:00,In-Store,Evening,165.66,0
141,2022-11-29 00:00:00,In-Store,Evening,17.12,0
179,2022-11-29 06:00:00,In-Store,Afternoon,224.72,0
123,2022-11-29 12:00:00,Online,Afternoon,136.56,0
184,2022-11-29 18:00:00,Online,Afternoon,10.91,0
62,2022-11-30 00:00:00,In-Store,Morning,23.44,0
32,2022-11-30 06:00:00,In-Store,Morning,119.3,0
158,2022-11-30 12:00:00,In-Store,Afternoon,177.11,0
29,2022-11-30 18:00:00,Online,,141.94,0
49,2022-12-01 00:00:00,Online,Morning,187.67,0
173,2022-12-01 06:00:00,Online,Morning,146.69,0
30,2022-12-01 12:00:00,Online,Morning,200.2,0
144,2022-12-01 18:00:00,In-Store,Morning,69.64,0
168,2022-12-02 00:00:00,In-Store,Afternoon,38.29,0
19,2022-12-02 06:00:00,In-Store,Morning,180.95,0
18,2022-12-02 12:00:00,Online,Afternoon,147.98,0
1,2022-12-02 18:00:00,In-Store,Evening,12.93,0
78,2022-12-03 00:00:00,Online,Evening,117.24,1
115,2022-12-03 06:00:00,Online,Morning,36.31,1
175,2022-12-03 12:00:00,In-Store,Evening,161.75,1
194,2022-12-03 18:00:00,In-Store,Evening,121.75,1
113,2022-12-04 00:00:00,In-Store,Evening,185.88,1
114,2022-12-04 06:00:00,Online,Morning,242.65,1
166,2022-12-04 12:00:00,Online,Morning,93.4,1
179,2022-12-04 18:00:00,In-Store,Evening,288.82,1
63,2022-12-05 00:00:00,In-Store,Afternoon,163.01,0
132,2022-12-05 06:00:00,Online,Evening,187.4,0
129,2022-12-05 12:00:00,In-Store,Morning,205.8,0
8,2022-12-05 18:00:00,Online,Morning,201.69,0
157,2022-12-06 00:00:00,Online,Morning,155.74,0
55,2022-12-06 06:00:00,In-Store,Evening,131.49,0
103,2022-12-06 12:00:00,In-Store,Afternoon,20.87,0
131,2022-12-06 18:00:00,In-Store,Morning,11.52,0
32,2022-12-07 00:00:00,In-Store,Morning,110.6,0
10,2022-12-07 06:00:00,Online,Evening,103.43,0
110,2022-12-07 12:00:00,Online,Afternoon,119.37,0
162,2022-12-07 18:00:00,Online,Evening,45.82,0
124,2022-12-08 00:00:00,In-Store,Morning,222.76,0
87,2022-12-08 06:00:00,Online,Afternoon,257.8,0
55,2022-12-08 12:00:00,In-Store,Afternoon,,0
32,2022-12-08 18:00:00,In-Store,Morning,150.25,0
178,2022-12-09 00:00:00,In-Store,Afternoon,211.76,0
135,2022-12-09 06:00:00,In-Store,Afternoon,257.39,0
93,2022-12-09 12:00:00,In-Store,Evening,128.4,0
8,2022-12-09 18:00:00,In-Store,Morning,96.28,0
65,2022-12-10 00:00:00,Online,Morning,281.33,1
57,2022-12-10 06:00:00,In-Store,Morning,157.12,1
67,2022-12-10 12:00:00,Online,Morning,151.69,1
187,2022-12-10 18:00:00,Online,Morning,57.63,1
72,2022-12-11 00:00:00,In-Store,Afternoon,36.91,1
54,2022-12-11 06:00:00,In-Store,Evening,253.42,1
67,2022-12-11 12:00:00,In-Store,Morning,186.17,1
51,2022-12-11 18:00:00,Online,,101.12,1
97,2022-12-12 00:00:00,In-Store,,61.56,0
92,2022-12-12 06:00:00,Online,Afternoon,168.87,0
8,2022-12-12 12:00:00,In-Store,Morning,177.26,0
162,2022-12-12 18:00:00,In-Store,Afternoon,66.06,0
35,2022-12-13 00:00:00,Online,Morning,256.16,0
96,2022-12-13 06:00:00,Online,Afternoon,29.86,0
88,2022-12-13 12:00:00,In-Store,Evening,110.05,0
78,2022-12-13 18:00:00,Online,Morning,205.71,0
32,2022-12-14 00:00:00,Online,Evening,85.87,0
120,2022-12-14 06:00:00,Online,Evening,249.16,0
46,2022-12-14 12:00:00,Online,Afternoon,,0
144,2022-12-14 18:00:00,Online,Morning,237.76,0
196,2022-12-15 00:00:00,In-Store,Evening,40.14,0
165,2022-12-15 06:00:00,In-Store,Afternoon,46.46,0
182,2022-12-15 12:00:00,Online,Morning,,0
142,2022-12-15 18:00:00,In-Store,Morning,,0
55,2022-12-16 00:00:00,In-Store,Evening,225.66,0
176,2022-12-16 06:00:00,Online,Morning,251.78,0
7,2022-12-16 12:00:00,In-Store,Evening,212.78,0
74,2022-12-16 18:00:00,Online,Morning,278.94,0
7,2022-12-17 00:00:00,Online,Afternoon,222.93,1
161,2022-12-17 06:00:00,In-Store,Evening,95.35,1
151,2022-12-17 12:00:00,Online,Evening,83.2,1
85,2022-12-17 18:00:00,Online,Morning,210.38,1
147,2022-12-18 00:00:00,Online,Morning,61.9,1
112,2022-12-18 06:00:00,Online,Evening,32.35,1
125,2022-12-18 12:00:00,Online,Morning,162.01,1
147,2022-12-18 18:00:00,In-Store,Afternoon,247.38,1
36,2022-12-19 00:00:00,In-Store,Morning,,0
29,2022-12-19 06:00:00,Online,,,0
188,2022-12-19 12:00:00,Online,Afternoon,244.41,0
82,2022-12-19 18:00:00,In-Store,Afternoon,147.27,0
2,2022-12-20 00:00:00,Online,Afternoon,21.91,0
129,2022-12-20 06:00:00,In-Store,,56.5,0
47,2022-12-20 12:00:00,Online,Morning,213.69,0
197,2022-12-20 18:00:00,Online,Afternoon,214.97,0
148,2022-12-21 00:00:00,Online,Morning,270.01,0
11,2022-12-21 06:00:00,Online,Afternoon,176.89,0
130,2022-12-21 12:00:00,Online,Evening,41.61,0
195,2022-12-21 18:00:00,Online,Afternoon,40.82,0
119,2022-12-22 00:00:00,Online,Evening,217.73,0
140,2022-12-22 06:00:00,In-Store,Afternoon,59.22,0
20,2022-12-22 12:00:00,In-Store,Afternoon,,0
5,2022-12-22 18:00:00,In-Store,Afternoon,148.73,0
37,2022-12-23 00:00:00,Online,Evening,12.31,0
166,2022-12-23 06:00:00,Online,Evening,78.4,0
137,2022-12-23 12:00:00,Online,Afternoon,125.33,0
53,2022-12-23 18:00:00,Online,Morning,87.49,0
172,2022-12-24 00:00:00,Online,Afternoon,45.23,1
99,2022-12-24 06:00:00,Online,Evening,219.76,1
86,2022-12-24 12:00:00,Online,Afternoon,244.88,1
108,2022-12-24 18:00:00,In-Store,Evening,80.96,1
24,2022-12-25 00:00:00,Online,Evening,233.45,1
81,2022-12-25 06:00:00,In-Store,Evening,118.74,1
158,2022-12-25 12:00:00,In-Store,Afternoon,154.47,1
120,2022-12-25 18:00:00,Online,Evening,257.52,1
59,2022-12-26 00:00:00,Online,Evening,226.24,0
128,2022-12-26 06:00:00,In-Store,Afternoon,242.51,0
114,2022-12-26 12:00:00,In-Store,Evening,45.37,0
115,2022-12-26 18:00:00,Online,Afternoon,25.57,0
14,2022-12-27 00:00:00,Online,Evening,,0
9,2022-12-27 06:00:00,In-Store,Morning,119.41,0
40,2022-12-27 12:00:00,Online,Morning,89.92,0
194,2022-12-27 18:00:00,Online,Evening,218.79,0
25,2022-12-28 00:00:00,Online,Morning,251.74,0
103,2022-12-28 06:00:00,In-Store,Afternoon,259.43,0
22,2022-12-28 12:00:00,In-Store,Morning,98.22,0
4,2022-12-28 18:00:00,In-Store,Evening,256.4,0
154,2022-12-29 00:00:00,Online,Evening,17.08,0
186,2022-12-29 06:00:00,Online,Afternoon,19.65,0
29,2022-12-29 12:00:00,In-Store,Evening,,0
109,2022-12-29 18:00:00,In-Store,Afternoon,,0
98,2022-12-30 00:00:00,In-Store,Morning,100.76,0
37,2022-12-30 06:00:00,Online,Morning,203.46,0
75,2022-12-30 12:00:00,In-Store,Afternoon,104.49,0
70,2022-12-30 18:00:00,In-Store,Afternoon,,0
146,2022-12-31 00:00:00,Online,Evening,88.0,1
128,2022-12-31 06:00:00,Online,,139.98,1
85,2022-12-31 12:00:00,Online,Afternoon,145.24,1
42,2022-12-31 18:00:00,In-Store,Morning,,1
100,2023-01-01 00:00:00,Online,Afternoon,226.3,1
41,2023-01-01 06:00:00,Online,Morning,139.76,1
166,2023-01-01 12:00:00,In-Store,Evening,254.47,1
34,2023-01-01 18:00:00,Online,Morning,38.7,1
17,2023-01-02 00:00:00,In-Store,Morning,,0
165,2023-01-02 06:00:00,In-Store,Morning,249.25,0
153,2023-01-02 12:00:00,Online,Morning,116.51,0
122,2023-01-02 18:00:00,Online,Morning,294.45,0
76,2023-01-03 00:00:00,Online,,,0
87,2023-01-03 06:00:00,Online,Afternoon,238.62,0
117,2023-01-03 12:00:00,Online,,123.68,0
106,2023-01-03 18:00:00,Online,Evening,130.36,0
86,2023-01-04 00:00:00,In-Store,Morning,117.95,0
27,2023-01-04 06:00:00,In-Store,Morning,,0
57,2023-01-04 12:00:00,Online,Afternoon,166.52,0
31,2023-01-04 18:00:00,In-Store,Morning,283.41,0
134,2023-01-05 00:00:00,Online,Evening,79.01,0
168,2023-01-05 06:00:00,In-Store,Evening,34.67,0
98,2023-01-05 12:00:00,In-Store,Afternoon,121.01,0
12,2023-01-05 18:00:00,In-Store,Morning,186.93,0
53,2023-01-06 00:00:00,Online,Evening,258.94,0
199,2023-01-06 06:00:00,In-Store,Morning,107.13,0
138,2023-01-06 12:00:00,Online,Morning,197.87,0
173,2023-01-06 18:00:00,In-Store,Morning,108.31,0
145,2023-01-07 00:00:00,In-Store,Afternoon,187.08,1
154,2023-01-07 06:00:00,In-Store,Morning,266.02,1
190,2023-01-07 12:00:00,In-Store,Evening,73.25,1
122,2023-01-07 18:00:00,In-Store,Morning,124.25,1
46,2023-01-08 00:00:00,Online,Evening,298.01,1
64,2023-01-08 06:00:00,Online,Morning,261.22,1
130,2023-01-08 12:00:00,In-Store,Evening,171.57,1
54,2023-01-08 18:00:00,In-Store,Evening,157.41,1
107,2023-01-09 00:00:00,In-Store,Morning,88.96,0
193,2023-01-09 06:00:00,In-Store,,157.58,0
51,2023-01-09 12:00:00,Online,Evening,255.21,0
181,2023-01-09 18:00:00,In-Store,Afternoon,207.13,0
36,2023-01-10 00:00:00,Online,Morning,90.56,0
115,2023-01-10 06:00:00,In-Store,Afternoon,,0
26,2023-01-10 12:00:00,Online,Morning,83.24,0
29,2023-01-10 18:00:00,In-Store,Morning,55.08,0
149,2023-01-11 00:00:00,In-Store,Morning,33.21,0
11,2023-01-11 06:00:00,Online,Morning,128.65,0
40,2023-01-11 12:00:00,In-Store,Afternoon,38.42,0
11,2023-01-11 18:00:00,In-Store,Morning,55.71,0
164,2023-01-12 00:00:00,In-Store,Evening,166.46,0
113,2023-01-12 06:00:00,Online,Evening,53.56,0
187,2023-01-12 12:00:00,In-Store,Afternoon,23.84,0
39,2023-01-12 18:00:00,In-Store,Morning,98.63,0
54,2023-01-13 00:00:00,Online,Evening,69.99,0
98,2023-01-13 06:00:00,Online,Afternoon,157.02,0
55,2023-01-13 12:00:00,Online,Morning,35.2,0
111,2023-01-13 18:00:00,In-Store,Evening,226.77,0
152,2023-01-14 00:00:00,In-Store,Evening,272.34,1
150,2023-01-14 06:00:00,In-Store,Afternoon,224.31,1
69,2023-01-14 12:00:00,Online,Morning,,1
56,2023-01-14 18:00:00,In-Store,Morning,258.9,1
33,2023-01-15 00:00:00,In-Store,Evening,210.0,1
36,2023-01-15 06:00:00,Online,Evening,8.11,1
148,2023-01-15 12:00:00,Online,Evening,121.26,1
81,2023-01-15 18:00:00,Online,Morning,256.03,1
190,2023-01-16 00:00:00,Online,Afternoon,107.03,0
109,2023-01-16 06:00:00,Online,Afternoon,15.39,0
154,2023-01-16 12:00:00,In-Store,,225.12,0
194,2023-01-16 18:00:00,Online,Afternoon,,0
73,2023-01-17 00:00:00,In-Store,Evening,52.38,0
40,2023-01-17 06:00:00,In-Store,Afternoon,163.52,0
17,2023-01-17 12:00:00,Online,Afternoon,61.63,0
129,2023-01-17 18:00:00,Online,Afternoon,217.17,0
61,2023-01-18 00:00:00,Online,Evening,85.11,0
171,2023-01-18 06:00:00,In-Store,Morning,98.28,0
104,2023-01-18 12:00:00,Online,Evening,254.27,0
42,2023-01-18 18:00:00,Online,Morning,145.52,0
25,2023-01-19 00:00:00,Online,Morning,202.58,0
39,2023-01-19 06:00:00,Online,Morning,123.7,0
35,2023-01-19 12:00:00,Online,Afternoon,92.91,0
131,2023-01-19 18:00:00,In-Store,Afternoon,189.52,0
108,2023-01-20 00:00:00,In-Store,Morning,50.68,0
172,2023-01-20 06:00:00,In-Store,Morning,115.03,0
179,2023-01-20 12:00:00,Online,Afternoon,66.67,0
102,2023-01-20 18:00:00,Online,Evening,210.26,0
98,2023-01-21 00:00:00,Online,Morning,283.54,1
12,2023-01-21 06:00:00,In-Store,Evening,298.68,1
19,2023-01-21 12:00:00,Online,Afternoon,137.83,1
101,2023-01-21 18:00:00,Online,Morning,79.5,1
44,2023-01-22 00:00:00,Online,Evening,135.63,1
187,2023-01-22 06:00:00,In-Store,Evening,254.94,1
49,2023-01-22 12:00:00,Online,Evening,65.77,1
189,2023-01-22 18:00:00,In-Store,Afternoon,285.87,1
17,2023-01-23 00:00:00,Online,Afternoon,105.85,0
74,2023-01-23 06:00:00,In-Store,Evening,295.81,0
57,2023-01-23 12:00:00,In-Store,Evening,252.39,0
55,2023-01-23 18:00:00,In-Store,,243.53,0
47,2023-01-24 00:00:00,Online,Evening,98.78,0
12,2023-01-24 06:00:00,Online,Evening,7.59,0
62,2023-01-24 12:00:00,In-Store,Afternoon,117.73,0
80,2023-01-24 18:00:00,In-Store,Evening,94.03,0
83,2023-01-25 00:00:00,Online,Evening,16.03,0
8,2023-01-25 06:00:00,Online,Evening,154.08,0
149,2023-01-25 12:00:00,In-Store,,123.89,0
81,2023-01-25 18:00:00,Online,,192.19,0
118,2023-01-26 00:00:00,Online,Afternoon,188.25,0
198,2023-01-26 06:00:00,Online,Afternoon,40.62,0
200,2023-01-26 12:00:00,Online,Morning,293.2,0
25,2023-01-26 18:00:00,In-Store,Morning,60.14,0
89,2023-01-27 00:00:00,Online,Evening,136.36,0
12,2023-01-27 06:00:00,Online,Afternoon,148.99,0
143,2023-01-27 12:00:00,In-Store,Morning,244.85,0
59,2023-01-27 18:00:00,In-Store,Evening,34.27,0
154,2023-01-28 00:00:00,Online,Morning,131.45,1
109,2023-01-28 06:00:00,Online,Morning,190.41,1
26,2023-01-28 12:00:00,Online,Afternoon,68.47,1
47,2023-01-28 18:00:00,Online,Afternoon,190.1,1
32,2023-01-29 00:00:00,In-Store,Morning,277.48,1
10,2023-01-29 06:00:00,In-Store,Morning,299.27,1
16,2023-01-29 12:00:00,In-Store,Afternoon,14.57,1
199,2023-01-29 18:00:00,Online,Evening,74.5,1
145,2023-01-30 00:00:00,Online,Afternoon,96.54,0
151,2023-01-30 06:00:00,Online,Morning,122.74,0
26,2023-01-30 12:00:00,Online,Evening,76.47,0
86,2023-01-30 18:00:00,In-Store,Morning,65.03,0
135,2023-01-31 00:00:00,In-Store,Evening,286.59,0
14,2023-01-31 06:00:00,Online,Morning,275.96,0
79,2023-01-31 12:00:00,In-Store,Evening,18.86,0
117,2023-01-31 18:00:00,Online,Evening,104.95,0
7,2023-02-01 00:00:00,Online,Morning,124.52,0
137,2023-02-01 06:00:00,In-Store,Evening,75.51,0
115,2023-02-01 12:00:00,Online,Afternoon,190.52,0
176,2023-02-01 18:00:00,Online,Morning,193.91,0
72,2023-02-02 00:00:00,In-Store,Afternoon,255.9,0
59,2023-02-02 06:00:00,Online,Morning,223.56,0
82,2023-02-02 12:00:00,Online,Evening,165.06,0
116,2023-02-02 18:00:00,In-Store,Evening,197.81,0
167,2023-02-03 00:00:00,Online,,85.83,0
146,2023-02-03 06:00:00,In-Store,Morning,179.95,0
187,2023-02-03 12:00:00,Online,Afternoon,149.32,0
103,2023-02-03 18:00:00,In-Store,Afternoon,44.34,0
17,2023-02-04 00:00:00,In-Store,Morning,76.55,1
14,2023-02-04 06:00:00,In-Store,Morning,91.05,1
159,2023-02-04 12:00:00,Online,Afternoon,,1
152,2023-02-04 18:00:00,In-Store,Afternoon,72.96,1
108,2023-02-05 00:00:00,In-Store,Afternoon,90.33,1
188,2023-02-05 06:00:00,In-Store,Afternoon,113.96,1
45,2023-02-05 12:00:00,In-Store,Morning,200.8,1
98,2023-02-05 18:00:00,In-Store,Morning,39.88,1
131,2023-02-06 00:00:00,Online,Evening,286.41,0
37,2023-02-06 06:00:00,Online,Afternoon,260.34,0
171,2023-02-06 12:00:00,Online,Evening,175.28,0
168,2023-02-06 18:00:00,Online,Morning,203.84,0
183,2023-02-07 00:00:00,Online,Morning,9.91,0
108,2023-02-07 06:00:00,Online,Evening,104.99,0
39,2023-02-07 12:00:00,Online,Afternoon,239.72,0
15,2023-02-07 18:00:00,In-Store,Afternoon,27.86,0
120,2023-02-08 00:00:00,Online,Afternoon,88.28,0
4,2023-02-08 06:00:00,In-Store,,177.66,0
93,2023-02-08 12:00:00,In-Store,Evening,80.64,0
153,2023-02-08 18:00:00,Online,Evening,280.52,0
141,2023-02-09 00:00:00,In-Store,Morning,43.66,0
161,2023-02-09 06:00:00,In-Store,Afternoon,240.23,0
16,2023-02-09 12:00:00,In-Store,Afternoon,154.84,0
170,2023-02-09 18:00:00,In-Store,Afternoon,226.35,0
108,2023-02-10 00:00:00,Online,,96.66,0
126,2023-02-10 06:00:00,Online,Afternoon,,0
194,2023-02-10 12:00:00,Online,Evening,257.77,0
55,2023-02-10 18:00:00,Online,Afternoon,142.73,0
170,2023-02-11 00:00:00,Online,Afternoon,111.12,1
34,2023-02-11 06:00:00,Online,Morning,,1
158,2023-02-11 12:00:00,Online,Afternoon,216.62,1
13,2023-02-11 18:00:00,Online,Afternoon,135.85,1
141,2023-02-12 00:00:00,Online,Morning,281.97,1
18,2023-02-12 06:00:00,Online,Evening,92.01,1
160,2023-02-12 12:00:00,In-Store,Evening,145.26,1
96,2023-02-12 18:00:00,Online,Afternoon,228.29,1
123,2023-02-13 00:00:00,In-Store,Evening,208.29,0
39,2023-02-13 06:00:00,In-Store,Afternoon,259.77,0
46,2023-02-13 12:00:00,In-Store,Morning,299.06,0
29,2023-02-13 18:00:00,In-Store,Morning,130.92,0
190,2023-02-14 00:00:00,Online,Afternoon,37.79,0
62,2023-02-14 06:00:00,In-Store,Morning,13.97,0
185,2023-02-14 12:00:00,Online,Morning,219.43,0
16,2023-02-14 18:00:00,Online,Afternoon,262.83,0
184,2023-02-15 00:00:00,In-Store,Afternoon,70.11,0
121,2023-02-15 06:00:00,Online,Morning,51.74,0
10,2023-02-15 12:00:00,In-Store,Evening,23.35,0
158,2023-02-15 18:00:00,In-Store,Evening,247.7,0
153,2023-02-16 00:00:00,Online,Afternoon,96.86,0
103,2023-02-16 06:00:00,Online,Afternoon,123.5,0
84,2023-02-16 12:00:00,In-Store,Evening,,0
133,2023-02-16 18:00:00,Online,Morning,252.64,0
65,2023-02-17 00:00:00,Online,Evening,197.0,0
177,2023-02-17 06:00:00,Online,Evening,186.44,0
3,2023-02-17 12:00:00,In-Store,Evening,56.82,0
173,2023-02-17 18:00:00,In-Store,Evening,156.39,0
142,2023-02-18 00:00:00,Online,Afternoon,216.04,1
120,2023-02-18 06:00:00,Online,Afternoon,,1
158,2023-02-18 12:00:00,Online,Morning,64.41,1
68,2023-02-18 18:00:00,Online,Morning,7.82,1
146,2023-02-19 00:00:00,Online,Morning,27.21,1
190,2023-02-19 06:00:00,In-Store,Morning,115.88,1
37,2023-02-19 12:00:00,Online,Evening,247.06,1
153,2023-02-19 18:00:00,In-Store,Afternoon,7.11,1
176,2023-02-20 00:00:00,Online,Afternoon,,0
193,2023-02-20 06:00:00,In-Store,Morning,102.12,0
181,2023-02-20 12:00:00,Online,Morning,20.48,0
73,2023-02-20 18:00:00,In-Store,Evening,137.82,0
143,2023-02-21 00:00:00,Online,Evening,80.15,0
49,2023-02-21 06:00:00,In-Store,Morning,108.81,0
121,2023-02-21 12:00:00,In-Store,Afternoon,213.16,0
88,2023-02-21 18:00:00,In-Store,Afternoon,158.86,0
196,2023-02-22 00:00:00,In-Store,Afternoon,41.77,0
140,2023-02-22 06:00:00,In-Store,Morning,288.62,0
187,2023-02-22 12:00:00,In-Store,Afternoon,192.59,0
37,2023-02-22 18:00:00,Online,Evening,230.93,0
61,2023-02-23 00:00:00,In-Store,Evening,28.37,0
171,2023-02-23 06:00:00,Online,Morning,18.88,0
124,2023-02-23 12:00:00,Online,Evening,10.74,0
198,2023-02-23 18:00:00,Online,Morning,60.69,0
39,2023-02-24 00:00:00,Online,,127.25,0
184,2023-02-24 06:00:00,Online,Afternoon,281.07,0
63,2023-02-24 12:00:00,In-Store,Afternoon,139.83,0
46,2023-02-24 18:00:00,In-Store,,90.63,0
88,2023-02-25 00:00:00,In-Store,Morning,170.77,1
11,2023-02-25 06:00:00,Online,Afternoon,38.02,1
62,2023-02-25 12:00:00,In-Store,Morning,184.8,1
77,2023-02-25 18:00:00,In-Store,Afternoon,172.69,1
153,2023-02-26 00:00:00,In-Store,Evening,238.64,1
199,2023-02-26 06:00:00,In-Store,Evening,296.07,1
52,2023-02-26 12:00:00,In-Store,Morning,79.01,1
4,2023-02-26 18:00:00,Online,Evening,155.35,1
59,2023-02-27 00:00:00,In-Store,Evening,273.12,0
72,2023-02-27 06:00:00,Online,Morning,236.63,0
148,2023-02-27 12:00:00,Online,Afternoon,148.78,0
93,2023-02-27 18:00:00,Online,Evening,283.88,0
63,2023-02-28 00:00:00,Online,Morning,21.88,0
54,2023-02-28 06:00:00,Online,Evening,,0
117,2023-02-28 12:00:00,In-Store,Evening,19.9,0
110,2023-02-28 18:00:00,In-Store,Evening,166.45,0
74,2023-03-01 00:00:00,In-Store,Evening,267.68,0
107,2023-03-01 06:00:00,Online,Morning,82.5,0
57,2023-03-01 12:00:00,In-Store,Morning,144.31,0
169,2023-03-01 18:00:00,In-Store,Morning,100.68,0
3,2023-03-02 00:00:00,Online,Evening,285.88,0
120,2023-03-02 06:00:00,Online,Evening,247.98,0
6,2023-03-02 12:00:00,Online,Evening,214.16,0
5,2023-03-02 18:00:00,Online,Morning,178.35,0
5,2023-03-03 00:00:00,In-Store,Evening,247.07,0
54,2023-03-03 06:00:00,Online,Afternoon,120.72,0
47,2023-03-03 12:00:00,Online,Evening,137.03,0
177,2023-03-03 18:00:00,In-Store,Afternoon,220.35,0
9,2023-03-04 00:00:00,In-Store,Evening,110.54,1
99,2023-03-04 06:00:00,Online,Morning,23.85,1
20,2023-03-04 12:00:00,In-Store,Evening,26.93,1
122,2023-03-04 18:00:00,Online,Afternoon,39.03,1
61,2023-03-05 00:00:00,Online,Afternoon,,1
123,2023-03-05 06:00:00,In-Store,Evening,144.31,1
163,2023-03-05 12:00:00,In-Store,Afternoon,215.3,1
178,2023-03-05 18:00:00,Online,Afternoon,120.91,1
82,2023-03-06 00:00:00,Online,Morning,81.32,0
62,2023-03-06 06:00:00,Online,Evening,107.42,0
145,2023-03-06 12:00:00,In-Store,Evening,239.28,0
3,2023-03-06 18:00:00,Online,Evening,189.44,0
160,2023-03-07 00:00:00,Online,Afternoon,281.6,0
13,2023-03-07 06:00:00,Online,Evening,205.51,0
120,2023-03-07 12:00:00,Online,Evening,173.2,0
125,2023-03-07 18:00:00,Online,Morning,185.01,0
89,2023-03-08 00:00:00,In-Store,Morning,283.0,0
73,2023-03-08 06:00:00,Online,Morning,237.52,0
68,2023-03-08 12:00:00,Online,Afternoon,12.09,0
142,2023-03-08 18:00:00,Online,Evening,162.57,0
101,2023-03-09 00:00:00,Online,Morning,208.06,0
98,2023-03-09 06:00:00,In-Store,Morning,225.87,0
11,2023-03-09 12:00:00,In-Store,Morning,67.88,0
105,2023-03-09 18:00:00,In-Store,Evening,,0
184,2023-03-10 00:00:00,Online,Evening,286.97,0
67,2023-03-10 06:00:00,Online,Evening,74.83,0
123,2023-03-10 12:00:00,In-Store,Afternoon,265.37,0
29,2023-03-10 18:00:00,In-Store,Afternoon,33.61,0
137,2023-03-11 00:00:00,In-Store,Morning,21.43,1
195,2023-03-11 06:00:00,Online,Evening,43.12,1
153,2023-03-11 12:00:00,Online,Morning,22.03,1
76,2023-03-11 18:00:00,In-Store,Evening,254.28,1
170,2023-03-12 00:00:00,In-Store,Evening,22.42,1
9,2023-03-12 06:00:00,In-Store,Evening,85.14,1
40,2023-03-12 12:00:00,Online,Afternoon,35.61,1
25,2023-03-12 18:00:00,Online,,92.15,1
5,2023-03-13 00:00:00,Online,Evening,31.72,0
139,2023-03-13 06:00:00,In-Store,Morning,202.06,0
187,2023-03-13 12:00:00,In-Store,Evening,44.33,0
124,2023-03-13 18:00:00,Online,Evening,256.29,0
38,2023-03-14 00:00:00,In-Store,Morning,246.07,0
72,2023-03-14 06:00:00,Online,Evening,9.03,0
133,2023-03-14 12:00:00,In-Store,Morning,269.24,0
176,2023-03-14 18:00:00,In-Store,Afternoon,13.54,0
90,2023-03-15 00:00:00,In-Store,Afternoon,75.7,0
146,2023-03-15 06:00:00,In-Store,Morning,14.55,0
198,2023-03-15 12:00:00,Online,Afternoon,104.07,0
37,2023-03-15 18:00:00,In-Store,Afternoon,156.59,0
60,2023-03-16 00:00:00,Online,Morning,240.01,0
176,2023-03-16 06:00:00,Online,Afternoon,104.7,0
28,2023-03-16 12:00:00,Online,,213.12,0
197,2023-03-16 18:00:00,In-Store,,60.31,0
81,2023-03-17 00:00:00,Online,Morning,226.43,0
114,2023-03-17 06:00:00,Online,Afternoon,74.62,0
40,2023-03-17 12:00:00,Online,Evening,47.35,0
45,2023-03-17 18:00:00,In-Store,Evening,59.7,0
62,2023-03-18 00:00:00,In-Store,,58.71,1
93,2023-03-18 06:00:00,Online,Afternoon,156.29,1
115,2023-03-18 12:00:00,In-Store,Evening,254.22,1
186,2023-03-18 18:00:00,Online,Evening,,1
67,2023-03-19 00:00:00,Online,Morning,213.55,1
56,2023-03-19 06:00:00,In-Store,Morning,198.03,1
40,2023-03-19 12:00:00,Online,Evening,262.39,1
98,2023-03-19 18:00:00,In-Store,Morning,77.02,1
40,2023-03-20 00:00:00,In-Store,Evening,137.78,0
91,2023-03-20 06:00:00,Online,Evening,278.12,0
33,2023-03-20 12:00:00,In-Store,Morning,199.7,0
6,2023-03-20 18:00:00,In-Store,Morning,119.69,0
147,2023-03-21 00:00:00,Online,Afternoon,43.77,0
80,2023-03-21 06:00:00,Online,Afternoon,,0
168,2023-03-21 12:00:00,In-Store,Afternoon,176.46,0
92,2023-03-21 18:00:00,In-Store,Evening,216.86,0
97,2023-03-22 00:00:00,Online,Morning,41.7,0
59,2023-03-22 06:00:00,In-Store,Evening,181.88,0
59,2023-03-22 12:00:00,In-Store,,167.35,0
48,2023-03-22 18:00:00,In-Store,Evening,156.62,0
169,2023-03-23 00:00:00,In-Store,,208.59,0
13,2023-03-23 06:00:00,In-Store,Afternoon,252.05,0
107,2023-03-23 12:00:00,In-Store,Afternoon,100.28,0
45,2023-03-23 18:00:00,In-Store,,267.26,0
89,2023-03-24 00:00:00,Online,Morning,52.39,0
181,2023-03-24 06:00:00,Online,Morning,56.04,0
170,2023-03-24 12:00:00,Online,Afternoon,83.7,0
100,2023-03-24 18:00:00,Online,,40.26,0
191,2023-03-25 00:00:00,Online,,72.94,1
155,2023-03-25 06:00:00,In-Store,Afternoon,36.39,1
166,2023-03-25 12:00:00,In-Store,Morning,247.42,1
188,2023-03-25 18:00:00,In-Store,Evening,46.0,1
7,2023-03-26 00:00:00,In-Store,Evening,225.45,1
133,2023-03-26 06:00:00,Online,Evening,19.13,1
45,2023-03-26 12:00:00,In-Store,Evening,284.81,1
58,2023-03-26 18:00:00,In-Store,,214.79,1
31,2023-03-27 00:00:00,Online,Afternoon,7.0,0
23,2023-03-27 06:00:00,In-Store,Afternoon,230.34,0
170,2023-03-27 12:00:00,In-Store,Evening,156.65,0
138,2023-03-27 18:00:00,Online,Afternoon,234.91,0
160,2023-03-28 00:00:00,In-Store,,159.14,0
107,2023-03-28 06:00:00,In-Store,Morning,194.1,0
181,2023-03-28 12:00:00,In-Store,Morning,236.97,0
158,2023-03-28 18:00:00,In-Store,Afternoon,,0
39,2023-03-29 00:00:00,In-Store,,5.8,0
159,2023-03-29 06:00:00,Online,Morning,255.73,0
82,2023-03-29 12:00:00,Online,Afternoon,117.36,0
100,2023-03-29 18:00:00,Online,Afternoon,151.33,0
2,2023-03-30 00:00:00,Online,Afternoon,7.29,0
77,2023-03-30 06:00:00,Online,Afternoon,150.17,0
12,2023-03-30 12:00:00,Online,Evening,296.01,0
39,2023-03-30 18:00:00,In-Store,Evening,87.09,0
194,2023-03-31 00:00:00,Online,Afternoon,121.65,0
13,2023-03-31 06:00:00,Online,Morning,,0
46,2023-03-31 12:00:00,In-Store,Afternoon,,0
155,2023-03-31 18:00:00,In-Store,Afternoon,128.13,0
113,2023-04-01 00:00:00,Online,Morning,96.35,1
17,2023-04-01 06:00:00,In-Store,Evening,281.66,1
104,2023-04-01 12:00:00,Online,Afternoon,204.76,1
98,2023-04-01 18:00:00,In-Store,Afternoon,40.11,1
188,2023-04-02 00:00:00,Online,,25.33,1
192,2023-04-02 06:00:00,In-Store,Evening,147.65,1
88,2023-04-02 12:00:00,In-Store,Morning,69.93,1
109,2023-04-02 18:00:00,Online,Evening,79.93,1
163,2023-04-03 00:00:00,Online,Evening,263.92,0
70,2023-04-03 06:00:00,Online,Evening,31.42,0
158,2023-04-03 12:00:00,Online,Morning,216.03,0
199,2023-04-03 18:00:00,Online,Evening,84.99,0
74,2023-04-04 00:00:00,In-Store,Evening,229.3,0
63,2023-04-04 06:00:00,Online,Morning,218.11,0
156,2023-04-04 12:00:00,Online,Evening,7.18,0
60,2023-04-04 18:00:00,In-Store,Evening,155.19,0
79,2023-04-05 00:00:00,In-Store,Morning,46.1,0
37,2023-04-05 06:00:00,Online,Afternoon,260.54,0
22,2023-04-05 12:00:00,In-Store,Morning,262.12,0
196,2023-04-05 18:00:00,In-Store,Evening,128.41,0
148,2023-04-06 00:00:00,Online,Evening,136.1,0
96,2023-04-06 06:00:00,In-Store,Evening,94.47,0
68,2023-04-06 12:00:00,In-Store,Morning,,0
192,2023-04-06 18:00:00,Online,Evening,110.81,0
17,2023-04-07 00:00:00,Online,Evening,84.0,0
12,2023-04-07 06:00:00,In-Store,Morning,132.51,0
150,2023-04-07 12:00:00,In-Store,Afternoon,31.99,0
145,2023-04-07 18:00:00,Online,Afternoon,225.25,0
138,2023-04-08 00:00:00,In-Store,Evening,8.72,1
118,2023-04-08 06:00:00,In-Store,Morning,195.12,1
193,2023-04-08 12:00:00,In-Store,Evening,58.95,1
22,2023-04-08 18:00:00,Online,Morning,73.56,1
120,2023-04-09 00:00:00,In-Store,Morning,,1
50,2023-04-09 06:00:00,In-Store,Afternoon,297.92,1
14,2023-04-09 12:00:00,Online,Afternoon,234.43,1
192,2023-04-09 18:00:00,In-Store,Morning,71.62,1
175,2023-04-10 00:00:00,In-Store,Evening,56.93,0
29,2023-04-10 06:00:00,Online,Afternoon,260.54,0
164,2023-04-10 12:00:00,Online,Evening,,0
180,2023-04-10 18:00:00,Online,Afternoon,45.43,0
125,2023-04-11 00:00:00,Online,Afternoon,,0
7,2023-04-11 06:00:00,In-Store,Evening,245.75,0
29,2023-04-11 12:00:00,In-Store,,295.25,0
139,2023-04-11 18:00:00,Online,Afternoon,273.37,0
33,2023-04-12 00:00:00,Online,Evening,256.28,0
134,2023-04-12 06:00:00,In-Store,Afternoon,20.51,0
111,2023-04-12 12:00:00,Online,,35.8,0
79,2023-04-12 18:00:00,In-Store,Afternoon,172.85,0
160,2023-04-13 00:00:00,Online,Evening,161.79,0
179,2023-04-13 06:00:00,In-Store,Morning,140.1,0
58,2023-04-13 12:00:00,Online,Evening,122.05,0
26,2023-04-13 18:00:00,Online,Morning,132.21,0
174,2023-04-14 00:00:00,In-Store,Afternoon,172.94,0
29,2023-04-14 06:00:00,Online,Morning,5.61,0
4,2023-04-14 12:00:00,In-Store,Evening,81.91,0
99,2023-04-14 18:00:00,In-Store,Evening,157.89,0
141,2023-04-15 00:00:00,In-Store,Afternoon,218.05,1
39,2023-04-15 06:00:00,In-Store,Morning,56.38,1
15,2023-04-15 12:00:00,In-Store,Afternoon,166.33,1
119,2023-04-15 18:00:00,Online,Afternoon,215.77,1
29,2023-04-16 00:00:00,Online,Evening,136.17,1
157,2023-04-16 06:00:00,In-Store,Morning,12.99,1
75,2023-04-16 12:00:00,Online,Morning,137.53,1
116,2023-04-16 18:00:00,In-Store,Morning,92.45,1
32,2023-04-17 00:00:00,Online,Morning,279.25,0
130,2023-04-17 06:00:00,Online,Afternoon,41.76,0
175,2023-04-17 12:00:00,Online,,197.48,0
84,2023-04-17 18:00:00,Online,,20.55,0
22,2023-04-18 00:00:00,In-Store,Afternoon,136.62,0
27,2023-04-18 06:00:00,In-Store,Afternoon,168.42,0
195,2023-04-18 12:00:00,Online,Evening,92.9,0
81,2023-04-18 18:00:00,Online,Evening,139.25,0
126,2023-04-19 00:00:00,In-Store,Evening,53.25,0
184,2023-04-19 06:00:00,Online,Afternoon,94.72,0
92,2023-04-19 12:00:00,In-Store,Afternoon,188.23,0
21,2023-04-19 18:00:00,In-Store,Evening,94.03,0
47,2023-04-20 00:00:00,In-Store,Evening,270.42,0
101,2023-04-20 06:00:00,Online,Evening,190.38,0
187,2023-04-20 12:00:00,In-Store,Afternoon,134.4,0
84,2023-04-20 18:00:00,Online,Afternoon,16.43,0
6,2023-04-21 00:00:00,In-Store,Morning,152.37,0
147,2023-04-21 06:00:00,Online,Afternoon,230.61,0
185,2023-04-21 12:00:00,Online,Afternoon,83.34,0
197,2023-04-21 18:00:00,Online,Afternoon,243.0,0
131,2023-04-22 00:00:00,In-Store,Evening,79.28,1
1,2023-04-22 06:00:00,In-Store,Afternoon,248.01,1
58,2023-04-22 12:00:00,Online,Evening,30.15,1
124,2023-04-22 18:00:00,Online,Morning,260.52,1
166,2023-04-23 00:00:00,Online,Morning,152.26,1
15,2023-04-23 06:00:00,In-Store,Evening,92.48,1
162,2023-04-23 12:00:00,In-Store,Evening,83.21,1
189,2023-04-23 18:00:00,In-Store,Evening,132.44,1
163,2023-04-24 00:00:00,In-Store,Afternoon,299.72,0
64,2023-04-24 06:00:00,Online,Morning,70.0,0
25,2023-04-24 12:00:00,Online,,35.45,0
24,2023-04-24 18:00:00,In-Store,Afternoon,,0
12,2023-04-25 00:00:00,In-Store,Morning,149.12,0
18,2023-04-25 06:00:00,Online,Afternoon,159.64,0
15,2023-04-25 12:00:00,In-Store,Morning,201.75,0
27,2023-04-25 18:00:00,In-Store,Afternoon,83.81,0
72,2023-04-26 00:00:00,In-Store,Morning,273.65,0
60,2023-04-26 06:00:00,In-Store,Morning,133.52,0
174,2023-04-26 12:00:00,In-Store,Afternoon,43.08,0
145,2023-04-26 18:00:00,In-Store,Evening,223.98,0
93,2023-04-27 00:00:00,Online,,194.72,0
53,2023-04-27 06:00:00,In-Store,Evening,98.14,0
8,2023-04-27 12:00:00,In-Store,Afternoon,188.35,0
79,2023-04-27 18:00:00,Online,Evening,69.86,0
27,2023-04-28 00:00:00,Online,Evening,136.23,0
174,2023-04-28 06:00:00,Online,Evening,270.33,0
50,2023-04-28 12:00:00,In-Store,Evening,44.39,0
199,2023-04-28 18:00:00,Online,Evening,119.08,0
131,2023-04-29 00:00:00,In-Store,Morning,247.24,1
93,2023-04-29 06:00:00,In-Store,Morning,291.0,1
192,2023-04-29 12:00:00,In-Store,Morning,138.91,1
172,2023-04-29 18:00:00,Online,Afternoon,154.56,1
181,2023-04-30 00:00:00,Online,Evening,173.79,1
24,2023-04-30 06:00:00,Online,Morning,280.04,1
60,2023-04-30 12:00:00,Online,Afternoon,258.17,1
122,2023-04-30 18:00:00,Online,Morning,55.33,1
131,2023-05-01 00:00:00,In-Store,Morning,,0
148,2023-05-01 06:00:00,In-Store,Evening,141.88,0
46,2023-05-01 12:00:00,In-Store,Afternoon,237.78,0
15,2023-05-01 18:00:00,In-Store,Evening,182.85,0
153,2023-05-02 00:00:00,Online,Evening,198.0,0
199,2023-05-02 06:00:00,Online,,299.47,0
17,2023-05-02 12:00:00,In-Store,Evening,27.11,0
126,2023-05-02 18:00:00,Online,Afternoon,70.79,0
84,2023-05-03 00:00:00,Online,Evening,125.33,0
9,2023-05-03 06:00:00,In-Store,Evening,107.6,0
166,2023-05-03 12:00:00,In-Store,Evening,11.39,0
176,2023-05-03 18:00:00,Online,Morning,32.07,0
188,2023-05-04 00:00:00,Online,Afternoon,205.88,0
63,2023-05-04 06:00:00,In-Store,Morning,264.4,0
117,2023-05-04 12:00:00,In-Store,Morning,156.7,0
130,2023-05-04 18:00:00,In-Store,Morning,164.06,0
88,2023-05-05 00:00:00,Online,Morning,80.25,0
72,2023-05-05 06:00:00,In-Store,Morning,231.52,0
139,2023-05-05 12:00:00,In-Store,Afternoon,226.78,0
64,2023-05-05 18:00:00,Online,Evening,178.57,0
72,2023-05-06 00:00:00,Online,Morning,67.74,1
21,2023-05-06 06:00:00,Online,Morning,33.62,1
18,2023-05-06 12:00:00,Online,,23.95,1
64,2023-05-06 18:00:00,Online,Afternoon,179.85,1
82,2023-05-07 00:00:00,In-Store,Evening,248.39,1
110,2023-05-07 06:00:00,In-Store,Afternoon,258.21,1
95,2023-05-07 12:00:00,Online,Evening,141.77,1
166,2023-05-07 18:00:00,Online,Morning,236.36,1
32,2023-05-08 00:00:00,Online,Morning,284.33,0
11,2023-05-08 06:00:00,Online,Evening,86.18,0
45,2023-05-08 12:00:00,Online,Afternoon,122.4,0
33,2023-05-08 18:00:00,In-Store,Evening,,0
102,2023-05-09 00:00:00,In-Store,Afternoon,104.78,0
169,2023-05-09 06:00:00,In-Store,Morning,274.59,0
136,2023-05-09 12:00:00,In-Store,Afternoon,294.41,0
11,2023-05-09 18:00:00,Online,Evening,200.23,0
179,2023-05-10 00:00:00,In-Store,Evening,245.98,0
88,2023-05-10 06:00:00,Online,,226.12,0
41,2023-05-10 12:00:00,Online,Afternoon,211.36,0
145,2023-05-10 18:00:00,Online,Afternoon,95.54,0
76,2023-05-11 00:00:00,In-Store,Afternoon,21.84,0
121,2023-05-11 06:00:00,Online,Morning,106.2,0
46,2023-05-11 12:00:00,In-Store,Afternoon,201.75,0
160,2023-05-11 18:00:00,In-Store,Evening,35.25,0
80,2023-05-12 00:00:00,Online,Afternoon,8.52,0
54,2023-05-12 06:00:00,Online,Morning,46.21,0
86,2023-05-12 12:00:00,Online,,216.14,0
92,2023-05-12 18:00:00,In-Store,Afternoon,291.97,0
148,2023-05-13 00:00:00,Online,Evening,295.0,1
161,2023-05-13 06:00:00,In-Store,Afternoon,150.72,1
168,2023-05-13 12:00:00,Online,Evening,261.46,1
160,2023-05-13 18:00:00,Online,Evening,222.36,1
97,2023-05-14 00:00:00,In-Store,Morning,152.81,1
2,2023-05-14 06:00:00,In-Store,Evening,173.96,1
33,2023-05-14 12:00:00,In-Store,Evening,,1
158,2023-05-14 18:00:00,In-Store,Morning,281.61,1
161,2023-05-15 00:00:00,In-Store,Evening,,0
77,2023-05-15 06:00:00,In-Store,Morning,136.61,0
116,2023-05-15 12:00:00,Online,Afternoon,203.14,0
154,2023-05-15 18:00:00,Online,Morning,103.5,0
